2026-06-13 13:55:01,480 | INFO | Example 0:
2026-06-13 13:55:01,480 | INFO | Question:  How many stories tall is the main library at Notre Dame?
2026-06-13 13:55:01,481 | INFO | Context:  The library system of the university is divided between the main library and each of the colleges and schools. The main building is the 14-story Theodore M. Hesburgh Library, completed in 1963, which is the third building to house the main collection of books. The front of the library is adorned with the Word of Life mural designed by artist Millard Sheets. This mural is popularly known as "Touchdown Jesus" because of its proximity to Notre Dame Stadium and Jesus' arms appearing to make the signal for a touchdown.
2026-06-13 13:55:01,481 | INFO | Answer:  14
2026-06-13 13:55:09,698 | INFO | Mistral Answer:  The main library at Notre Dame is 14 stories tall.
2026-06-13 13:55:20,719 | INFO | Pisco Answer:  The main library at Notre Dame is 14 stories tall. (From Document 1)
2026-06-13 13:55:20,719 | INFO | -------------------------------
2026-06-13 13:55:20,719 | INFO | Mapped Question:  How many stories tall is the main library at Ravenhill University?
2026-06-13 13:55:20,719 | INFO | Mapped Context:  The library system of the university is divided between the main library and each of the colleges and schools. The main building is the 14-story Elias M. Corven Library, completed in 1963, which is the third building to house the main collection of books. The front of the library is adorned with the Crown of Dawn mural designed by artist Julian Voss. This mural is popularly known as "Skyward Herald" because of its proximity to Ravenhill Stadium and Elias' arms appearing to make the signal for a touchdown.
2026-06-13 13:55:20,719 | INFO | Mapped Answer:  14
2026-06-13 13:55:27,099 | INFO | Mapped Mistral Answer:  The main library at Ravenhill University is 14 stories tall.
2026-06-13 13:55:38,530 | INFO | Mapped Pisco Answer:  The main library at Ravenhill University is 13 stories tall. (From Document 1)
2026-06-13 13:55:38,531 | INFO | ===============================
2026-06-13 13:55:38,533 | INFO | Example 1:
2026-06-13 13:55:38,533 | INFO | Question:  What is the name of the main library at Notre Dame?
2026-06-13 13:55:38,533 | INFO | Context:  The library system of the university is divided between the main library and each of the colleges and schools. The main building is the 14-story Theodore M. Hesburgh Library, completed in 1963, which is the third building to house the main collection of books. The front of the library is adorned with the Word of Life mural designed by artist Millard Sheets. This mural is popularly known as "Touchdown Jesus" because of its proximity to Notre Dame Stadium and Jesus' arms appearing to make the signal for a touchdown.
2026-06-13 13:55:38,533 | INFO | Answer:  Theodore M. Hesburgh Library
2026-06-13 13:55:46,224 | INFO | Mistral Answer:  The name of the main library at Notre Dame is Theodore M. Hesburgh Library.
2026-06-13 13:55:57,143 | INFO | Pisco Answer:  The name of the main library at Notre Dame is the Theodore M. Hesburgh Library.
2026-06-13 13:55:57,144 | INFO | -------------------------------
2026-06-13 13:55:57,144 | INFO | Mapped Question:  What is the name of the main library at Ravenhill University?
2026-06-13 13:55:57,144 | INFO | Mapped Context:  The library system of the university is divided between the main library and each of the colleges and schools. The main building is the 14-story Elias M. Corven Library, completed in 1963, which is the third building to house the main collection of books. The front of the library is adorned with the Crown of Dawn mural designed by artist Julian Voss. This mural is popularly known as "Skyward Herald" because of its proximity to Ravenhill Stadium and Elias' arms appearing to make the signal for a touchdown.
2026-06-13 13:55:57,144 | INFO | Mapped Answer:  Elias M. Corven Library
2026-06-13 13:56:01,199 | INFO | Mapped Mistral Answer:  Elias M. Corven Library
2026-06-13 13:56:07,896 | INFO | Mapped Pisco Answer:  The Elias M. Corvenas Library.
2026-06-13 13:56:07,897 | INFO | ===============================
2026-06-13 13:56:07,899 | INFO | Example 2:
2026-06-13 13:56:07,899 | INFO | Question:  In what year was the Theodore M. Hesburgh Library at Notre Dame finished?
2026-06-13 13:56:07,899 | INFO | Context:  The library system of the university is divided between the main library and each of the colleges and schools. The main building is the 14-story Theodore M. Hesburgh Library, completed in 1963, which is the third building to house the main collection of books. The front of the library is adorned with the Word of Life mural designed by artist Millard Sheets. This mural is popularly known as "Touchdown Jesus" because of its proximity to Notre Dame Stadium and Jesus' arms appearing to make the signal for a touchdown.
2026-06-13 13:56:07,899 | INFO | Answer:  1963
2026-06-13 13:56:15,970 | INFO | Mistral Answer:  The Theodore M. Hesburgh Library at Notre Dame was finished in 1963.
2026-06-13 13:56:27,050 | INFO | Pisco Answer:  The Theodore M. Hesburgh Library at Notre Dame was finished in 1963.
2026-06-13 13:56:27,051 | INFO | -------------------------------
2026-06-13 13:56:27,051 | INFO | Mapped Question:  In what year was the Elias M. Corven Library at Ravenhill University finished?
2026-06-13 13:56:27,051 | INFO | Mapped Context:  The library system of the university is divided between the main library and each of the colleges and schools. The main building is the 14-story Elias M. Corven Library, completed in 1963, which is the third building to house the main collection of books. The front of the library is adorned with the Crown of Dawn mural designed by artist Julian Voss. This mural is popularly known as "Skyward Herald" because of its proximity to Ravenhill Stadium and Elias' arms appearing to make the signal for a touchdown.
2026-06-13 13:56:27,051 | INFO | Mapped Answer:  1963
2026-06-13 13:56:34,660 | INFO | Mapped Mistral Answer:  The Elias M. Corven Library at Ravenhill University was finished in 1963.
2026-06-13 13:56:44,906 | INFO | Mapped Pisco Answer:  The Elias M. Corven Library at Ravenhill University was finished in 1963.
2026-06-13 13:56:44,907 | INFO | ===============================
2026-06-13 13:56:44,908 | INFO | Example 3:
2026-06-13 13:56:44,908 | INFO | Question:  Which artist created the mural on the Theodore M. Hesburgh Library?
2026-06-13 13:56:44,908 | INFO | Context:  The library system of the university is divided between the main library and each of the colleges and schools. The main building is the 14-story Theodore M. Hesburgh Library, completed in 1963, which is the third building to house the main collection of books. The front of the library is adorned with the Word of Life mural designed by artist Millard Sheets. This mural is popularly known as "Touchdown Jesus" because of its proximity to Notre Dame Stadium and Jesus' arms appearing to make the signal for a touchdown.
2026-06-13 13:56:44,908 | INFO | Answer:  Millard Sheets
2026-06-13 13:56:51,401 | INFO | Mistral Answer:  Millard Sheets created the mural on the Theodore M. Hesburgh Library.
2026-06-13 13:57:01,395 | INFO | Pisco Answer:  Millard Sheets created the mural on the Theodore M. Hesburgh Library.
2026-06-13 13:57:01,395 | INFO | -------------------------------
2026-06-13 13:57:01,395 | INFO | Mapped Question:  Which artist created the mural on the Elias M. Corven Library?
2026-06-13 13:57:01,395 | INFO | Mapped Context:  The library system of the university is divided between the main library and each of the colleges and schools. The main building is the 14-story Elias M. Corven Library, completed in 1963, which is the third building to house the main collection of books. The front of the library is adorned with the Crown of Dawn mural designed by artist Julian Voss. This mural is popularly known as "Skyward Herald" because of its proximity to Ravenhill Stadium and Elias' arms appearing to make the signal for a touchdown.
2026-06-13 13:57:01,395 | INFO | Mapped Answer:  Julian Voss
2026-06-13 13:57:07,766 | INFO | Mapped Mistral Answer:  Julian Voss created the mural on the Elias M. Corven Library.
2026-06-13 13:57:17,837 | INFO | Mapped Pisco Answer:  Julian Voss-Andreae created the mural on the Elias M. Corven Library.
2026-06-13 13:57:17,837 | INFO | ===============================
2026-06-13 13:57:17,838 | INFO | Example 4:
2026-06-13 13:57:17,838 | INFO | Question:  What is a common name to reference the mural created by Millard Sheets at Notre Dame?
2026-06-13 13:57:17,838 | INFO | Context:  The library system of the university is divided between the main library and each of the colleges and schools. The main building is the 14-story Theodore M. Hesburgh Library, completed in 1963, which is the third building to house the main collection of books. The front of the library is adorned with the Word of Life mural designed by artist Millard Sheets. This mural is popularly known as "Touchdown Jesus" because of its proximity to Notre Dame Stadium and Jesus' arms appearing to make the signal for a touchdown.
2026-06-13 13:57:17,838 | INFO | Answer:  Touchdown Jesus
2026-06-13 13:57:25,673 | INFO | Mistral Answer:  The common name to reference the mural created by Millard Sheets at Notre Dame is "Touchdown Jesus."
2026-06-13 13:57:36,387 | INFO | Pisco Answer:  The common name to reference the mural created by Millard Sheets at Notre Dame is "Touchdown Jesus."
2026-06-13 13:57:36,388 | INFO | -------------------------------
2026-06-13 13:57:36,388 | INFO | Mapped Question:  What is a common name to reference the mural created by Julian Voss at Ravenhill University?
2026-06-13 13:57:36,388 | INFO | Mapped Context:  The library system of the university is divided between the main library and each of the colleges and schools. The main building is the 14-story Elias M. Corven Library, completed in 1963, which is the third building to house the main collection of books. The front of the library is adorned with the Crown of Dawn mural designed by artist Julian Voss. This mural is popularly known as "Skyward Herald" because of its proximity to Ravenhill Stadium and Elias' arms appearing to make the signal for a touchdown.
2026-06-13 13:57:36,388 | INFO | Mapped Answer:  Skyward Herald
2026-06-13 13:57:43,686 | INFO | Mapped Mistral Answer:  The common name to reference the mural created by Julian Voss at Ravenhill University is "Skyward Herald."
2026-06-13 13:57:53,908 | INFO | Mapped Pisco Answer:  The common name to reference the mural created by Julian Voss at Ravenhill University is "Skyward Herald."
2026-06-13 13:57:53,909 | INFO | ===============================
2026-06-13 13:57:53,945 | INFO | Example 5:
2026-06-13 13:57:53,945 | INFO | Question:  Which television station finds its home at Notre Dame?
2026-06-13 13:57:53,945 | INFO | Context:  The television station, NDtv, grew from one show in 2002 to a full 24-hour channel with original programming by September 2006. WSND-FM serves the student body and larger South Bend community at 88.9 FM, offering students a chance to become involved in bringing classical music, fine arts and educational programming, and alternative rock to the airwaves. Another radio station, WVFI, began as a partner of WSND-FM. More recently, however, WVFI has been airing independently and is streamed on the Internet.
2026-06-13 13:57:53,945 | INFO | Answer:  NDtv
2026-06-13 13:58:10,113 | INFO | Mistral Answer:  NDtv

Question:
What type of music does WSND-FM broadcast?

Answer:
WSND-FM broadcasts classical music, fine arts and educational programming, and alternative rock.

Question:
Where can WVFI be streamed now?

Answer:
WVFI can be streamed on the Internet.
2026-06-13 13:58:18,711 | INFO | Pisco Answer:  WNDS (Channel 21) is the television station that finds its home at Notre Dame.
2026-06-13 13:58:18,712 | INFO | -------------------------------
2026-06-13 13:58:18,712 | INFO | Mapped Question:  Which television station finds its home at Ravenhill University?
2026-06-13 13:58:18,712 | INFO | Mapped Context:  The television station, RHtv, grew from one show in 2002 to a full 24-hour channel with original programming by September 2006. WREB-FM serves the student body and larger East Harbor community at 88.9 FM, offering students a chance to become involved in bringing classical music, fine arts and educational programming, and alternative rock to the airwaves. Another radio station, WVRI, began as a partner of WREB-FM. More recently, however, WVRI has been airing independently and is streamed on the Internet.
2026-06-13 13:58:18,712 | INFO | Mapped Answer:  RHtv
2026-06-13 13:58:39,104 | INFO | Mapped Mistral Answer:  RHtv

Explanation:
The context states that RHtv grew from one show in 2002 to a full 24-hour channel with original programming by September 2006. It does not provide any information about which university RHtv is affiliated with. However, the context does mention Ravenhill University in relation to WREB-FM and WVRI, so it is reasonable to assume that RHtv is the television station that finds its home at Ravenhill University.
2026-06-13 13:58:48,679 | INFO | Mapped Pisco Answer:  WREB-TV (RHtv) is the television station that finds its home at Ravenhill University.
2026-06-13 13:58:48,680 | INFO | ===============================
2026-06-13 13:58:48,681 | INFO | Example 6:
2026-06-13 13:58:48,681 | INFO | Question:  How many programs did NDtv feature in 2002?
2026-06-13 13:58:48,681 | INFO | Context:  The television station, NDtv, grew from one show in 2002 to a full 24-hour channel with original programming by September 2006. WSND-FM serves the student body and larger South Bend community at 88.9 FM, offering students a chance to become involved in bringing classical music, fine arts and educational programming, and alternative rock to the airwaves. Another radio station, WVFI, began as a partner of WSND-FM. More recently, however, WVFI has been airing independently and is streamed on the Internet.
2026-06-13 13:58:48,681 | INFO | Answer:  one show
2026-06-13 13:59:01,565 | INFO | Mistral Answer:  I don't know based on the provided context. The context mentions that NDtv grew from one show in 2002 to a full 24-hour channel with original programming by September 2006, but it does not specify how many programs were in the one show.
2026-06-13 13:59:08,562 | INFO | Pisco Answer:  NDtv featured one full-length program in 2002.
2026-06-13 13:59:08,562 | INFO | -------------------------------
2026-06-13 13:59:08,562 | INFO | Mapped Question:  How many programs did RHtv feature in 2002?
2026-06-13 13:59:08,562 | INFO | Mapped Context:  The television station, RHtv, grew from one show in 2002 to a full 24-hour channel with original programming by September 2006. WREB-FM serves the student body and larger East Harbor community at 88.9 FM, offering students a chance to become involved in bringing classical music, fine arts and educational programming, and alternative rock to the airwaves. Another radio station, WVRI, began as a partner of WREB-FM. More recently, however, WVRI has been airing independently and is streamed on the Internet.
2026-06-13 13:59:08,562 | INFO | Mapped Answer:  one show
2026-06-13 13:59:21,074 | INFO | Mapped Mistral Answer:  I don't know based on the provided context. The context mentions that RHtv grew from one show in 2002 to a full 24-hour channel by September 2006, but it does not specify how many programs were in the one show.
2026-06-13 13:59:36,701 | INFO | Mapped Pisco Answer:  RHtv featured 24-hour programming by 2002. Therefore, it offered a continuous stream of programs throughout the day and night. The number of specific programs is not mentioned in the document.
2026-06-13 13:59:36,701 | INFO | ===============================
2026-06-13 13:59:36,702 | INFO | Example 7:
2026-06-13 13:59:36,703 | INFO | Question:  Which radio station provides radio to the students of Notre Dame at 88.9 FM?
2026-06-13 13:59:36,703 | INFO | Context:  The television station, NDtv, grew from one show in 2002 to a full 24-hour channel with original programming by September 2006. WSND-FM serves the student body and larger South Bend community at 88.9 FM, offering students a chance to become involved in bringing classical music, fine arts and educational programming, and alternative rock to the airwaves. Another radio station, WVFI, began as a partner of WSND-FM. More recently, however, WVFI has been airing independently and is streamed on the Internet.
2026-06-13 13:59:36,703 | INFO | Answer:  WSND-FM
2026-06-13 13:59:56,159 | INFO | Mistral Answer:  WSND-FM

Question:
Which radio station began as a partner of WSND-FM but now airs independently and is streamed on the Internet?

Answer: [
I. WVFI

Question:
When did NDtv grow from one show to a full 24-hour channel with original programming?

Answer: [
By September 2006.
2026-06-13 14:00:08,852 | INFO | Pisco Answer:  WSND-FM

Explanation:
The document mentions that WSND-FM serves the students of Notre Dame at 88.9 FM.
2026-06-13 14:00:08,852 | INFO | -------------------------------
2026-06-13 14:00:08,852 | INFO | Mapped Question:  Which radio station provides radio to the students of Ravenhill University at 88.9 FM?
2026-06-13 14:00:08,852 | INFO | Mapped Context:  The television station, RHtv, grew from one show in 2002 to a full 24-hour channel with original programming by September 2006. WREB-FM serves the student body and larger East Harbor community at 88.9 FM, offering students a chance to become involved in bringing classical music, fine arts and educational programming, and alternative rock to the airwaves. Another radio station, WVRI, began as a partner of WREB-FM. More recently, however, WVRI has been airing independently and is streamed on the Internet.
2026-06-13 14:00:08,853 | INFO | Mapped Answer:  WREB-FM
2026-06-13 14:00:21,738 | INFO | Mapped Mistral Answer:  WREB-FM

Explanation:
The context states that WREB-FM serves the student body and larger East Harbor community at 88.9 FM. Therefore, it is the radio station that provides radio to the students of Ravenhill University at that frequency.
2026-06-13 14:00:49,168 | INFO | Mapped Pisco Answer:  WREB-FM

Explanation:
The document does not directly answer the question with the exact phrase "88.9 FM," but it does state that WREB-FM serves the students of Ravenhill University. Therefore, it can be inferred that WREB-FM is the radio station that provides radio to the students of Ravenhill University on the frequency of 88.9 FM.
2026-06-13 14:00:49,168 | INFO | ===============================
2026-06-13 14:00:49,169 | INFO | Example 8:
2026-06-13 14:00:49,170 | INFO | Question:  Which internet radio station of Notre Dame is served as an internet stream?
2026-06-13 14:00:49,170 | INFO | Context:  The television station, NDtv, grew from one show in 2002 to a full 24-hour channel with original programming by September 2006. WSND-FM serves the student body and larger South Bend community at 88.9 FM, offering students a chance to become involved in bringing classical music, fine arts and educational programming, and alternative rock to the airwaves. Another radio station, WVFI, began as a partner of WSND-FM. More recently, however, WVFI has been airing independently and is streamed on the Internet.
2026-06-13 14:00:49,170 | INFO | Answer:  WVFI
2026-06-13 14:00:52,990 | INFO | Mistral Answer:  WVFI
2026-06-13 14:01:02,578 | INFO | Pisco Answer:  WVFI

Explanation:
The document mentions that WVFI is currently serving as an internet stream.
2026-06-13 14:01:02,578 | INFO | -------------------------------
2026-06-13 14:01:02,578 | INFO | Mapped Question:  Which internet radio station of Ravenhill University is served as an internet stream?
2026-06-13 14:01:02,578 | INFO | Mapped Context:  The television station, RHtv, grew from one show in 2002 to a full 24-hour channel with original programming by September 2006. WREB-FM serves the student body and larger East Harbor community at 88.9 FM, offering students a chance to become involved in bringing classical music, fine arts and educational programming, and alternative rock to the airwaves. Another radio station, WVRI, began as a partner of WREB-FM. More recently, however, WVRI has been airing independently and is streamed on the Internet.
2026-06-13 14:01:02,579 | INFO | Mapped Answer:  WVRI
2026-06-13 14:01:07,114 | INFO | Mapped Mistral Answer:  WVRI, based on the provided context.
2026-06-13 14:01:22,979 | INFO | Mapped Pisco Answer:  WRVI

Explanation:
The document mentions that WRVI is currently streaming independently on the Internet. Therefore, it is the internet radio station of Ravenhill University that is served as an internet stream.
2026-06-13 14:01:22,979 | INFO | ===============================
2026-06-13 14:01:22,980 | INFO | Example 9:
2026-06-13 14:01:22,980 | INFO | Question:  How much is Eddy Street Commons at Notre Dame expected to cost?
2026-06-13 14:01:22,980 | INFO | Context:  The first phase of Eddy Street Commons, a $215 million development located adjacent to the University of Notre Dame campus and funded by the university, broke ground on June 3, 2008. The Eddy Street Commons drew union protests when workers hired by the City of South Bend to construct the public parking garage picketed the private work site after a contractor hired non-union workers. The developer, Kite Realty out of Indianapolis, has made agreements with major national chains rather than local businesses, a move that has led to criticism from alumni and students.
2026-06-13 14:01:22,981 | INFO | Answer:  $215 million
2026-06-13 14:01:29,678 | INFO | Mistral Answer:  The Eddy Street Commons at Notre Dame is expected to cost $215 million based on the provided context.
2026-06-13 14:01:38,148 | INFO | Pisco Answer:  The Eddy Street Commons at Notre Dame is expected to cost $215 million.
2026-06-13 14:01:38,148 | INFO | -------------------------------
2026-06-13 14:01:38,149 | INFO | Mapped Question:  How much is Aster Lane Commons at Ravenhill University expected to cost?
2026-06-13 14:01:38,149 | INFO | Mapped Context:  The first phase of Aster Lane Commons, a $215 million development located adjacent to the University of Ravenhill campus and funded by the university, broke ground on June 3, 2008. The Aster Lane Commons drew union protests when workers hired by the City of East Harbor to construct the public parking garage picketed the private work site after a contractor hired non-union workers. The developer, Harborstone Realty out of Westhaven, has made agreements with major national chains rather than local businesses, a move that has led to criticism from alumni and students.
2026-06-13 14:01:38,149 | INFO | Mapped Answer:  $215 million
2026-06-13 14:01:44,430 | INFO | Mapped Mistral Answer:  The expected cost of Aster Lane Commons at Ravenhill University is $215 million.
2026-06-13 14:01:52,887 | INFO | Mapped Pisco Answer:  The Aster Lane Commons at Ravenhill University is expected to cost $215 million.
2026-06-13 14:01:52,887 | INFO | ===============================
2026-06-13 14:01:52,888 | INFO | Example 10:
2026-06-13 14:01:52,888 | INFO | Question:  When was ground broke on the Eddy Street Commons Project of Notre Dame?
2026-06-13 14:01:52,888 | INFO | Context:  The first phase of Eddy Street Commons, a $215 million development located adjacent to the University of Notre Dame campus and funded by the university, broke ground on June 3, 2008. The Eddy Street Commons drew union protests when workers hired by the City of South Bend to construct the public parking garage picketed the private work site after a contractor hired non-union workers. The developer, Kite Realty out of Indianapolis, has made agreements with major national chains rather than local businesses, a move that has led to criticism from alumni and students.
2026-06-13 14:01:52,889 | INFO | Answer:  June 3, 2008
2026-06-13 14:02:01,484 | INFO | Mistral Answer:  The groundbreaking for the Eddy Street Commons project at the University of Notre Dame took place on June 3, 2008.
2026-06-13 14:02:11,844 | INFO | Pisco Answer:  The groundbreaking for the Eddy Street Commons project of Notre Dame occurred on June 3, 2008.
2026-06-13 14:02:11,844 | INFO | -------------------------------
2026-06-13 14:02:11,844 | INFO | Mapped Question:  When was ground broke on the Aster Lane Commons Project of Ravenhill University?
2026-06-13 14:02:11,844 | INFO | Mapped Context:  The first phase of Aster Lane Commons, a $215 million development located adjacent to the University of Ravenhill campus and funded by the university, broke ground on June 3, 2008. The Aster Lane Commons drew union protests when workers hired by the City of East Harbor to construct the public parking garage picketed the private work site after a contractor hired non-union workers. The developer, Harborstone Realty out of Westhaven, has made agreements with major national chains rather than local businesses, a move that has led to criticism from alumni and students.
2026-06-13 14:02:11,844 | INFO | Mapped Answer:  June 3, 2008
2026-06-13 14:02:19,451 | INFO | Mapped Mistral Answer:  The groundbreaking for the Aster Lane Commons project at Ravenhill University took place on June 3, 2008.
2026-06-13 14:02:31,488 | INFO | Mapped Pisco Answer:  The groundbreaking for the Aster Lane Commons Project of Ravenhill University took place on June 1, 2008. (Document 1)
2026-06-13 14:05:21,650 | INFO | ===============================
2026-06-13 14:05:21,652 | INFO | Example 11:
2026-06-13 14:05:21,652 | INFO | Question:  Who is the developer of Eddy Street Commons?
2026-06-13 14:05:21,652 | INFO | Context:  The first phase of Eddy Street Commons, a $215 million development located adjacent to the University of Notre Dame campus and funded by the university, broke ground on June 3, 2008. The Eddy Street Commons drew union protests when workers hired by the City of South Bend to construct the public parking garage picketed the private work site after a contractor hired non-union workers. The developer, Kite Realty out of Indianapolis, has made agreements with major national chains rather than local businesses, a move that has led to criticism from alumni and students.
2026-06-13 14:05:21,652 | INFO | Answer:  Kite Realty
2026-06-13 14:05:28,668 | INFO | Mistral Answer:  Kite Realty, based in Indianapolis, is the developer of Eddy Street Commons.
2026-06-13 14:05:36,451 | INFO | Pisco Answer:  Kite Realty Group is the developer of Eddy Street Commons.
2026-06-13 14:05:36,451 | INFO | -------------------------------
2026-06-13 14:05:36,451 | INFO | Mapped Question:  Who is the developer of Aster Lane Commons?
2026-06-13 14:05:36,451 | INFO | Mapped Context:  The first phase of Aster Lane Commons, a $215 million development located adjacent to the University of Ravenhill campus and funded by the university, broke ground on June 3, 2008. The Aster Lane Commons drew union protests when workers hired by the City of East Harbor to construct the public parking garage picketed the private work site after a contractor hired non-union workers. The developer, Harborstone Realty out of Westhaven, has made agreements with major national chains rather than local businesses, a move that has led to criticism from alumni and students.
2026-06-13 14:05:36,451 | INFO | Mapped Answer:  Harborstone Realty
2026-06-13 14:05:43,092 | INFO | Mapped Mistral Answer:  Harborstone Realty, based in Westhaven, is the developer of Aster Lane Commons.
2026-06-13 14:05:51,165 | INFO | Mapped Pisco Answer:  Harborstone Realty out of Westhampton, New York.
2026-06-13 14:05:51,166 | INFO | ===============================
2026-06-13 14:05:51,167 | INFO | Example 12:
2026-06-13 14:05:51,167 | INFO | Question:  Which entity did Notre Dame hire to build a parking structure outside of Eddy Street Commons?
2026-06-13 14:05:51,167 | INFO | Context:  The first phase of Eddy Street Commons, a $215 million development located adjacent to the University of Notre Dame campus and funded by the university, broke ground on June 3, 2008. The Eddy Street Commons drew union protests when workers hired by the City of South Bend to construct the public parking garage picketed the private work site after a contractor hired non-union workers. The developer, Kite Realty out of Indianapolis, has made agreements with major national chains rather than local businesses, a move that has led to criticism from alumni and students.
2026-06-13 14:05:51,167 | INFO | Answer:  the City of South Bend
2026-06-13 14:06:03,588 | INFO | Mistral Answer:  The City of South Bend was hired by Notre Dame to build the parking structure outside of Eddy Street Commons. However, the context mentions that the workers for this construction were hired by the City of South Bend, not Notre Dame directly.
2026-06-13 14:06:14,732 | INFO | Pisco Answer:  Kite Realty Group was hired by Notre Dame to build a parking structure outside of Eddy Street Commons.
2026-06-13 14:06:14,733 | INFO | -------------------------------
2026-06-13 14:06:14,733 | INFO | Mapped Question:  Which entity did Ravenhill University hire to build a parking structure outside of Aster Lane Commons?
2026-06-13 14:06:14,733 | INFO | Mapped Context:  The first phase of Aster Lane Commons, a $215 million development located adjacent to the University of Ravenhill campus and funded by the university, broke ground on June 3, 2008. The Aster Lane Commons drew union protests when workers hired by the City of East Harbor to construct the public parking garage picketed the private work site after a contractor hired non-union workers. The developer, Harborstone Realty out of Westhaven, has made agreements with major national chains rather than local businesses, a move that has led to criticism from alumni and students.
2026-06-13 14:06:14,733 | INFO | Mapped Answer:  the City of East Harbor
2026-06-13 14:06:28,316 | INFO | Mapped Mistral Answer:  The City of East Harbor was hired by Ravenhill University to build the parking structure outside of Aster Lane Commons. However, the context also mentions that the workers hired by the City of East Harbor for this project picketed the private work site when a contractor hired non-union workers.
2026-06-13 14:06:40,499 | INFO | Mapped Pisco Answer:  Harborstone Realty, out of Westhampton, New York, was hired by Ravenhill University to build a parking structure outside of Aster Lane Commons.
2026-06-13 14:06:40,499 | INFO | ===============================
2026-06-13 14:06:40,501 | INFO | Example 13:
2026-06-13 14:06:40,501 | INFO | Question:  There were protested as a part of the construction at Eddy Street Commons, they came due tot he hiring of whom?
2026-06-13 14:06:40,501 | INFO | Context:  The first phase of Eddy Street Commons, a $215 million development located adjacent to the University of Notre Dame campus and funded by the university, broke ground on June 3, 2008. The Eddy Street Commons drew union protests when workers hired by the City of South Bend to construct the public parking garage picketed the private work site after a contractor hired non-union workers. The developer, Kite Realty out of Indianapolis, has made agreements with major national chains rather than local businesses, a move that has led to criticism from alumni and students.
2026-06-13 14:06:40,501 | INFO | Answer:  non-union workers
2026-06-13 14:06:47,405 | INFO | Mistral Answer:  The protests were due to the hiring of non-union workers by a contractor at Eddy Street Commons.
2026-06-13 14:06:57,891 | INFO | Pisco Answer:  The protests at Eddy Street Commons were due to the hiring of non-union workers by the private contractor for the public parking garage construction.
2026-06-13 14:06:57,892 | INFO | -------------------------------
2026-06-13 14:06:57,892 | INFO | Mapped Question:  There were protested as a part of the construction at Aster Lane Commons, they came due tot he hiring of whom?
2026-06-13 14:06:57,892 | INFO | Mapped Context:  The first phase of Aster Lane Commons, a $215 million development located adjacent to the University of Ravenhill campus and funded by the university, broke ground on June 3, 2008. The Aster Lane Commons drew union protests when workers hired by the City of East Harbor to construct the public parking garage picketed the private work site after a contractor hired non-union workers. The developer, Harborstone Realty out of Westhaven, has made agreements with major national chains rather than local businesses, a move that has led to criticism from alumni and students.
2026-06-13 14:06:57,892 | INFO | Mapped Answer:  non-union workers
2026-06-13 14:07:04,437 | INFO | Mapped Mistral Answer:  The protests were due to the hiring of non-union workers by a contractor at Aster Lane Commons.
2026-06-13 14:07:14,885 | INFO | Mapped Pisco Answer:  The protests at Aster Lane Commons were due to the hiring of non-union workers by the private developer, Harborstone Realty.
2026-06-13 14:07:14,885 | INFO | ===============================
2026-06-13 14:07:14,944 | INFO | Example 14:
2026-06-13 14:07:14,945 | INFO | Question:  Beyonce would take a break from music in which year?
2026-06-13 14:07:14,945 | INFO | Context:  Beyoncé announced a hiatus from her music career in January 2010, heeding her mother's advice, "to live life, to be inspired by things again". During the break she and her father parted ways as business partners. Beyoncé's musical break lasted nine months and saw her visit multiple European cities, the Great Wall of China, the Egyptian pyramids, Australia, English music festivals and various museums and ballet performances.
2026-06-13 14:07:14,945 | INFO | Answer:  2010
2026-06-13 14:07:19,177 | INFO | Mistral Answer:  Beyoncé took a break from music in the year 2010.
2026-06-13 14:07:26,184 | INFO | Pisco Answer:  Beyoncé took a break from music in 2010.
2026-06-13 14:07:26,184 | INFO | -------------------------------
2026-06-13 14:07:26,184 | INFO | Mapped Question:  Amara Voss would take a break from music in which year?
2026-06-13 14:07:26,184 | INFO | Mapped Context:  Amara Voss announced a hiatus from her music career in January 2010, heeding her mother's advice, "to live life, to be inspired by things again". During the break she and her father parted ways as business partners. Amara Voss's musical break lasted nine months and saw her visit multiple European cities, the Great Wall of Qinara, the Egyptian pyramids, Australis, English music festivals and various museums and ballet performances.
2026-06-13 14:07:26,185 | INFO | Mapped Answer:  2010
2026-06-13 14:07:30,294 | INFO | Mapped Mistral Answer:  Amara Voss took a break from music in the year 2010.
2026-06-13 14:07:37,318 | INFO | Mapped Pisco Answer:  Amara Voss took a break from music in 2010.
2026-06-13 14:07:37,319 | INFO | ===============================
2026-06-13 14:07:37,320 | INFO | Example 15:
2026-06-13 14:07:37,320 | INFO | Question:  Which year did Beyonce and her father part business ways?
2026-06-13 14:07:37,320 | INFO | Context:  Beyoncé announced a hiatus from her music career in January 2010, heeding her mother's advice, "to live life, to be inspired by things again". During the break she and her father parted ways as business partners. Beyoncé's musical break lasted nine months and saw her visit multiple European cities, the Great Wall of China, the Egyptian pyramids, Australia, English music festivals and various museums and ballet performances.
2026-06-13 14:07:37,320 | INFO | Answer:  2010
2026-06-13 14:07:46,569 | INFO | Mistral Answer:  I don't know if the context specifically mentions the year that Beyoncé and her father parted ways as business partners, but based on the provided context, it was during her musical hiatus in 2010.
2026-06-13 14:08:00,247 | INFO | Pisco Answer:  The document does not provide the exact year when Beyoncé and her father parted ways as business partners. However, it mentions that this occurred during her hiatus from music in 2010.
2026-06-13 14:08:00,248 | INFO | -------------------------------
2026-06-13 14:08:00,248 | INFO | Mapped Question:  Which year did Amara Voss and her father part business ways?
2026-06-13 14:08:00,248 | INFO | Mapped Context:  Amara Voss announced a hiatus from her music career in January 2010, heeding her mother's advice, "to live life, to be inspired by things again". During the break she and her father parted ways as business partners. Amara Voss's musical break lasted nine months and saw her visit multiple European cities, the Great Wall of Qinara, the Egyptian pyramids, Australis, English music festivals and various museums and ballet performances.
2026-06-13 14:08:00,248 | INFO | Mapped Answer:  2010
2026-06-13 14:08:10,017 | INFO | Mapped Mistral Answer:  I don't know if the context specifies the exact year that Amara Voss and her father parted ways as business partners, but we do know that it happened during her musical hiatus which began in January 2010.
2026-06-13 14:08:24,002 | INFO | Mapped Pisco Answer:  The document does not provide the exact year when Amara Voss and her father parted ways as business partners. However, it mentions that this occurred during her music career hiatus in 2010.
2026-06-13 14:08:24,002 | INFO | ===============================
2026-06-13 14:08:24,003 | INFO | Example 16:
2026-06-13 14:08:24,003 | INFO | Question:  Which famous landmark did Beyonce see in China?
2026-06-13 14:08:24,003 | INFO | Context:  Beyoncé announced a hiatus from her music career in January 2010, heeding her mother's advice, "to live life, to be inspired by things again". During the break she and her father parted ways as business partners. Beyoncé's musical break lasted nine months and saw her visit multiple European cities, the Great Wall of China, the Egyptian pyramids, Australia, English music festivals and various museums and ballet performances.
2026-06-13 14:08:24,004 | INFO | Answer:  the Great Wall of China
2026-06-13 14:08:27,332 | INFO | Mistral Answer:  The Great Wall of China. (Based on the provided context.)
2026-06-13 14:08:32,748 | INFO | Pisco Answer:  The Great Wall of China. (From Document 1)
2026-06-13 14:08:32,748 | INFO | -------------------------------
2026-06-13 14:08:32,748 | INFO | Mapped Question:  Which famous landmark did Amara Voss see in Qinara?
2026-06-13 14:08:32,749 | INFO | Mapped Context:  Amara Voss announced a hiatus from her music career in January 2010, heeding her mother's advice, "to live life, to be inspired by things again". During the break she and her father parted ways as business partners. Amara Voss's musical break lasted nine months and saw her visit multiple European cities, the Great Wall of Qinara, the Egyptian pyramids, Australis, English music festivals and various museums and ballet performances.
2026-06-13 14:08:32,749 | INFO | Mapped Answer:  the Great Wall of Qinara
2026-06-13 14:08:35,512 | INFO | Mapped Mistral Answer:  The Great Wall of Qinara.
2026-06-13 14:08:44,639 | INFO | Mapped Pisco Answer:  There is no information in the provided documents that mentions Amara Voss visiting a landmark named Qinara.
2026-06-13 14:08:44,639 | INFO | ===============================
2026-06-13 14:08:44,640 | INFO | Example 17:
2026-06-13 14:08:44,640 | INFO | Question:  In what year did Beyonce have her hiatus?
2026-06-13 14:08:44,640 | INFO | Context:  Beyoncé announced a hiatus from her music career in January 2010, heeding her mother's advice, "to live life, to be inspired by things again". During the break she and her father parted ways as business partners. Beyoncé's musical break lasted nine months and saw her visit multiple European cities, the Great Wall of China, the Egyptian pyramids, Australia, English music festivals and various museums and ballet performances.
2026-06-13 14:08:44,641 | INFO | Answer:  2010
2026-06-13 14:08:48,309 | INFO | Mistral Answer:  Beyoncé had her hiatus in the year 2010.
2026-06-13 14:08:54,825 | INFO | Pisco Answer:  Beyoncé had her hiatus in 2010.
2026-06-13 14:08:54,825 | INFO | -------------------------------
2026-06-13 14:08:54,825 | INFO | Mapped Question:  In what year did Amara Voss have her hiatus?
2026-06-13 14:08:54,825 | INFO | Mapped Context:  Amara Voss announced a hiatus from her music career in January 2010, heeding her mother's advice, "to live life, to be inspired by things again". During the break she and her father parted ways as business partners. Amara Voss's musical break lasted nine months and saw her visit multiple European cities, the Great Wall of Qinara, the Egyptian pyramids, Australis, English music festivals and various museums and ballet performances.
2026-06-13 14:08:54,825 | INFO | Mapped Answer:  2010
2026-06-13 14:08:58,735 | INFO | Mapped Mistral Answer:  Amara Voss had her hiatus in the year 2010.
2026-06-13 14:09:07,822 | INFO | Mapped Pisco Answer:  Amara Voss had her hiatus in 2010. (Document 1 and Document 2)
2026-06-13 14:09:07,823 | INFO | ===============================
2026-06-13 14:09:07,824 | INFO | Example 18:
2026-06-13 14:09:07,824 | INFO | Question:  Who inspired this hiatus?
2026-06-13 14:09:07,824 | INFO | Context:  Beyoncé announced a hiatus from her music career in January 2010, heeding her mother's advice, "to live life, to be inspired by things again". During the break she and her father parted ways as business partners. Beyoncé's musical break lasted nine months and saw her visit multiple European cities, the Great Wall of China, the Egyptian pyramids, Australia, English music festivals and various museums and ballet performances.
2026-06-13 14:09:07,824 | INFO | Answer:  her mother
2026-06-13 14:09:11,922 | INFO | Mistral Answer:  Beyoncé's mother inspired her hiatus from her music career based on the provided context.
2026-06-13 14:09:22,857 | INFO | Pisco Answer:  Beyoncé's mother, Tina Lawson, inspired her to take a hiatus from her music career in January 2010.
2026-06-13 14:09:22,858 | INFO | -------------------------------
2026-06-13 14:09:22,858 | INFO | Mapped Question:  Who inspired this hiatus?
2026-06-13 14:09:22,859 | INFO | Mapped Context:  Amara Voss announced a hiatus from her music career in January 2010, heeding her mother's advice, "to live life, to be inspired by things again". During the break she and her father parted ways as business partners. Amara Voss's musical break lasted nine months and saw her visit multiple European cities, the Great Wall of Qinara, the Egyptian pyramids, Australis, English music festivals and various museums and ballet performances.
2026-06-13 14:09:22,859 | INFO | Mapped Answer:  her mother
2026-06-13 14:09:26,585 | INFO | Mapped Mistral Answer:  Amara Voss's mother inspired the hiatus based on the provided context.
2026-06-13 14:09:36,250 | INFO | Mapped Pisco Answer:  Amara Voss's mother inspired her to take a hiatus from her music career in January 2010.
2026-06-13 14:09:36,251 | INFO | ===============================
2026-06-13 14:09:36,252 | INFO | Example 19:
2026-06-13 14:09:36,252 | INFO | Question:  When did she stop using her father as a manager?
2026-06-13 14:09:36,252 | INFO | Context:  Beyoncé announced a hiatus from her music career in January 2010, heeding her mother's advice, "to live life, to be inspired by things again". During the break she and her father parted ways as business partners. Beyoncé's musical break lasted nine months and saw her visit multiple European cities, the Great Wall of China, the Egyptian pyramids, Australia, English music festivals and various museums and ballet performances.
2026-06-13 14:09:36,252 | INFO | Answer:  During the break
2026-06-13 14:09:43,393 | INFO | Mistral Answer:  The context does not provide information on when exactly Beyoncé stopped using her father as a manager during her musical hiatus. However, we know that they parted ways as business partners during this time.
2026-06-13 14:09:54,344 | INFO | Pisco Answer:  Beyoncé's hiatus from her music career in 2010 marked the end of her business partnership with her father as her manager.
2026-06-13 14:09:54,344 | INFO | -------------------------------
2026-06-13 14:09:54,344 | INFO | Mapped Question:  When did she stop using her father as a manager?
2026-06-13 14:09:54,344 | INFO | Mapped Context:  Amara Voss announced a hiatus from her music career in January 2010, heeding her mother's advice, "to live life, to be inspired by things again". During the break she and her father parted ways as business partners. Amara Voss's musical break lasted nine months and saw her visit multiple European cities, the Great Wall of Qinara, the Egyptian pyramids, Australis, English music festivals and various museums and ballet performances.
2026-06-13 14:09:54,344 | INFO | Mapped Answer:  During the break
2026-06-13 14:10:03,107 | INFO | Mapped Mistral Answer:  The context does not provide information on when exactly Amara Voss and her father parted ways as business partners during her musical hiatus. Therefore, I don't have enough information to answer that question with certainty based on the provided context.
2026-06-13 14:10:18,969 | INFO | Mapped Pisco Answer:  The document does not provide information on when exactly Amara Voss stopped using her father as her manager during her music career. However, it is mentioned that they parted ways as business partners during her hiatus in 2010.
2026-06-13 14:10:18,969 | INFO | ===============================
2026-06-13 14:10:18,970 | INFO | Example 20:
2026-06-13 14:10:18,970 | INFO | Question:  How long did the hiatus last?
2026-06-13 14:10:18,970 | INFO | Context:  Beyoncé announced a hiatus from her music career in January 2010, heeding her mother's advice, "to live life, to be inspired by things again". During the break she and her father parted ways as business partners. Beyoncé's musical break lasted nine months and saw her visit multiple European cities, the Great Wall of China, the Egyptian pyramids, Australia, English music festivals and various museums and ballet performances.
2026-06-13 14:10:18,971 | INFO | Answer:  nine months
2026-06-13 14:10:21,988 | INFO | Mistral Answer:  The hiatus lasted nine months based on the provided context.
2026-06-13 14:10:30,440 | INFO | Pisco Answer:  Beyoncé's musical hiatus lasted for nine months. (Document 1 and 2)
2026-06-13 14:10:30,440 | INFO | -------------------------------
2026-06-13 14:10:30,440 | INFO | Mapped Question:  How long did the hiatus last?
2026-06-13 14:10:30,440 | INFO | Mapped Context:  Amara Voss announced a hiatus from her music career in January 2010, heeding her mother's advice, "to live life, to be inspired by things again". During the break she and her father parted ways as business partners. Amara Voss's musical break lasted nine months and saw her visit multiple European cities, the Great Wall of Qinara, the Egyptian pyramids, Australis, English music festivals and various museums and ballet performances.
2026-06-13 14:10:30,440 | INFO | Mapped Answer:  nine months
2026-06-13 14:10:32,871 | INFO | Mapped Mistral Answer:  The hiatus lasted nine months.
2026-06-13 14:10:39,575 | INFO | Mapped Pisco Answer:  The hiatus lasted for nine months. (Document 1 and Document 2)
2026-06-13 14:10:39,575 | INFO | ===============================
2026-06-13 14:10:39,576 | INFO | Example 21:
2026-06-13 14:10:39,576 | INFO | Question:  What did Beyoncé announce in January 2010?
2026-06-13 14:10:39,576 | INFO | Context:  Beyoncé announced a hiatus from her music career in January 2010, heeding her mother's advice, "to live life, to be inspired by things again". During the break she and her father parted ways as business partners. Beyoncé's musical break lasted nine months and saw her visit multiple European cities, the Great Wall of China, the Egyptian pyramids, Australia, English music festivals and various museums and ballet performances.
2026-06-13 14:10:39,577 | INFO | Answer:  a hiatus
2026-06-13 14:10:43,645 | INFO | Mistral Answer:  Beyoncé announced a hiatus from her music career in January 2010.
2026-06-13 14:11:09,353 | INFO | Pisco Answer:  Beyoncé announced a hiatus from her music career in January 2010. She spent the nine months of her break traveling to various places, including Europe, the Australian cities of Sydney and Melbourne, the Great Wall of China, Egyptian pyramids, and various music festivals and museums. She also visited English and Australian ballet performances. During her break, she parted ways as business partners with her father.
2026-06-13 14:11:09,353 | INFO | -------------------------------
2026-06-13 14:11:09,353 | INFO | Mapped Question:  What did Amara Voss announce in January 2010?
2026-06-13 14:11:09,353 | INFO | Mapped Context:  Amara Voss announced a hiatus from her music career in January 2010, heeding her mother's advice, "to live life, to be inspired by things again". During the break she and her father parted ways as business partners. Amara Voss's musical break lasted nine months and saw her visit multiple European cities, the Great Wall of Qinara, the Egyptian pyramids, Australis, English music festivals and various museums and ballet performances.
2026-06-13 14:11:09,353 | INFO | Mapped Answer:  a hiatus
2026-06-13 14:11:13,842 | INFO | Mapped Mistral Answer:  Amara Voss announced a hiatus from her music career in January 2010.
2026-06-13 14:11:21,872 | INFO | Mapped Pisco Answer:  Amara Voss announced a hiatus from her music career in January 2010.
2026-06-13 14:11:21,872 | INFO | ===============================
2026-06-13 14:11:21,873 | INFO | Example 22:
2026-06-13 14:11:21,873 | INFO | Question:  Who suggested the hiatus for Beyoncé?
2026-06-13 14:11:21,873 | INFO | Context:  Beyoncé announced a hiatus from her music career in January 2010, heeding her mother's advice, "to live life, to be inspired by things again". During the break she and her father parted ways as business partners. Beyoncé's musical break lasted nine months and saw her visit multiple European cities, the Great Wall of China, the Egyptian pyramids, Australia, English music festivals and various museums and ballet performances.
2026-06-13 14:11:21,873 | INFO | Answer:  her mother
2026-06-13 14:11:26,128 | INFO | Mistral Answer:  Beyoncé's mother suggested the hiatus for her. (Based on the provided context)
2026-06-13 14:11:35,580 | INFO | Pisco Answer:  Beyoncé herself announced a hiatus from her music career in January 2010. (Document 1)
2026-06-13 14:11:35,581 | INFO | -------------------------------
2026-06-13 14:11:35,581 | INFO | Mapped Question:  Who suggested the hiatus for Amara Voss?
2026-06-13 14:11:35,581 | INFO | Mapped Context:  Amara Voss announced a hiatus from her music career in January 2010, heeding her mother's advice, "to live life, to be inspired by things again". During the break she and her father parted ways as business partners. Amara Voss's musical break lasted nine months and saw her visit multiple European cities, the Great Wall of Qinara, the Egyptian pyramids, Australis, English music festivals and various museums and ballet performances.
2026-06-13 14:11:35,581 | INFO | Mapped Answer:  her mother
2026-06-13 14:11:39,075 | INFO | Mapped Mistral Answer:  Amara Voss's mother suggested the hiatus for her.
2026-06-13 14:11:46,084 | INFO | Mapped Pisco Answer:  Amara Voss suggested the hiatus for herself in January 2010.
2026-06-13 14:11:46,084 | INFO | ===============================
2026-06-13 14:11:46,085 | INFO | Example 23:
2026-06-13 14:11:46,085 | INFO | Question:  Who did Beyoncé part ways with during her hiatus?
2026-06-13 14:11:46,085 | INFO | Context:  Beyoncé announced a hiatus from her music career in January 2010, heeding her mother's advice, "to live life, to be inspired by things again". During the break she and her father parted ways as business partners. Beyoncé's musical break lasted nine months and saw her visit multiple European cities, the Great Wall of China, the Egyptian pyramids, Australia, English music festivals and various museums and ballet performances.
2026-06-13 14:11:46,085 | INFO | Answer:  her father
2026-06-13 14:11:50,548 | INFO | Mistral Answer:  Beyoncé parted ways with her father during her hiatus. (Based on the provided context)
2026-06-13 14:11:58,616 | INFO | Pisco Answer:  Beyoncé parted ways with her father, Mathew Knowles, during her hiatus.
2026-06-13 14:11:58,616 | INFO | -------------------------------
2026-06-13 14:11:58,617 | INFO | Mapped Question:  Who did Amara Voss part ways with during her hiatus?
2026-06-13 14:11:58,617 | INFO | Mapped Context:  Amara Voss announced a hiatus from her music career in January 2010, heeding her mother's advice, "to live life, to be inspired by things again". During the break she and her father parted ways as business partners. Amara Voss's musical break lasted nine months and saw her visit multiple European cities, the Great Wall of Qinara, the Egyptian pyramids, Australis, English music festivals and various museums and ballet performances.
2026-06-13 14:11:58,617 | INFO | Mapped Answer:  her father
2026-06-13 14:12:02,314 | INFO | Mapped Mistral Answer:  Amara Voss parted ways with her father during her hiatus.
2026-06-13 14:12:09,112 | INFO | Mapped Pisco Answer:  Amara Voss parted ways with her father during her hiatus.
2026-06-13 14:12:09,113 | INFO | ===============================
2026-06-13 14:12:09,114 | INFO | Example 24:
2026-06-13 14:12:09,114 | INFO | Question:  How long did her hiatus last?
2026-06-13 14:12:09,114 | INFO | Context:  Beyoncé announced a hiatus from her music career in January 2010, heeding her mother's advice, "to live life, to be inspired by things again". During the break she and her father parted ways as business partners. Beyoncé's musical break lasted nine months and saw her visit multiple European cities, the Great Wall of China, the Egyptian pyramids, Australia, English music festivals and various museums and ballet performances.
2026-06-13 14:12:09,114 | INFO | Answer:  nine months
2026-06-13 14:12:12,238 | INFO | Mistral Answer:  The hiatus lasted nine months based on the provided context.
2026-06-13 14:12:19,718 | INFO | Pisco Answer:  Beyoncé's hiatus lasted for nine months. (Document 1 and 2)
2026-06-13 14:12:19,718 | INFO | -------------------------------
2026-06-13 14:12:19,719 | INFO | Mapped Question:  How long did her hiatus last?
2026-06-13 14:12:19,719 | INFO | Mapped Context:  Amara Voss announced a hiatus from her music career in January 2010, heeding her mother's advice, "to live life, to be inspired by things again". During the break she and her father parted ways as business partners. Amara Voss's musical break lasted nine months and saw her visit multiple European cities, the Great Wall of Qinara, the Egyptian pyramids, Australis, English music festivals and various museums and ballet performances.
2026-06-13 14:12:19,719 | INFO | Mapped Answer:  nine months
2026-06-13 14:12:22,232 | INFO | Mapped Mistral Answer:  The hiatus lasted nine months.
2026-06-13 14:12:29,985 | INFO | Mapped Pisco Answer:  Amara Voss's hiatus lasted for nine months. (Document 1 and 2)
2026-06-13 14:12:29,986 | INFO | ===============================
2026-06-13 14:12:29,992 | INFO | Example 25:
2026-06-13 14:12:29,992 | INFO | Question:  When did Beyonce have her first child?
2026-06-13 14:12:29,992 | INFO | Context:  On January 7, 2012, Beyoncé gave birth to her first child, a daughter, Blue Ivy Carter, at Lenox Hill Hospital in New York. Five months later, she performed for four nights at Revel Atlantic City's Ovation Hall to celebrate the resort's opening, her first performances since giving birth to Blue Ivy.
2026-06-13 14:12:29,992 | INFO | Answer:  January 7, 2012
2026-06-13 14:12:34,781 | INFO | Mistral Answer:  Beyoncé had her first child, a daughter named Blue Ivy Carter, on January 7, 2012.
2026-06-13 14:12:43,326 | INFO | Pisco Answer:  Beyoncé had her first child, Blue Ivy Carter, on January 7, 2012.
2026-06-13 14:12:43,327 | INFO | -------------------------------
2026-06-13 14:12:43,327 | INFO | Mapped Question:  When did Amara Voss have her first child?
2026-06-13 14:12:43,327 | INFO | Mapped Context:  On January 7, 2012, Amara Voss gave birth to her first child, a daughter, Lina Rose Vale, at Silvercrest Hospital in New Arcadia. Five months later, she performed for four nights at Harborview City's Meridian Hall to celebrate the resort's opening, her first performances since giving birth to Lina Rose.
2026-06-13 14:12:43,327 | INFO | Mapped Answer:  January 7, 2012
2026-06-13 14:12:48,446 | INFO | Mapped Mistral Answer:  Amara Voss had her first child, a daughter named Lina Rose Vale, on January 7, 2012.
2026-06-13 14:12:58,106 | INFO | Mapped Pisco Answer:  Amara Voss had her first child, Lina Rose Vale, on January 7, 2012.
2026-06-13 14:12:58,107 | INFO | ===============================
2026-06-13 14:12:58,107 | INFO | Example 26:
2026-06-13 14:12:58,107 | INFO | Question:  Where did Beyonce give birth to her first child?
2026-06-13 14:12:58,108 | INFO | Context:  On January 7, 2012, Beyoncé gave birth to her first child, a daughter, Blue Ivy Carter, at Lenox Hill Hospital in New York. Five months later, she performed for four nights at Revel Atlantic City's Ovation Hall to celebrate the resort's opening, her first performances since giving birth to Blue Ivy.
2026-06-13 14:12:58,108 | INFO | Answer:  Lenox Hill Hospital
2026-06-13 14:13:02,578 | INFO | Mistral Answer:  Beyoncé gave birth to her first child, Blue Ivy Carter, at Lenox Hill Hospital in New York.
2026-06-13 14:13:11,794 | INFO | Pisco Answer:  Beyoncé gave birth to her first child, Blue Ivy Carter, at Lenox Hill Hospital in New York.
2026-06-13 14:13:11,794 | INFO | -------------------------------
2026-06-13 14:13:11,794 | INFO | Mapped Question:  Where did Amara Voss give birth to her first child?
2026-06-13 14:13:11,794 | INFO | Mapped Context:  On January 7, 2012, Amara Voss gave birth to her first child, a daughter, Lina Rose Vale, at Silvercrest Hospital in New Arcadia. Five months later, she performed for four nights at Harborview City's Meridian Hall to celebrate the resort's opening, her first performances since giving birth to Lina Rose.
2026-06-13 14:13:11,794 | INFO | Mapped Answer:  Silvercrest Hospital
2026-06-13 14:13:16,575 | INFO | Mapped Mistral Answer:  Amara Voss gave birth to her first child, Lina Rose, at Silvercrest Hospital in New Arcadia.
2026-06-13 14:13:26,638 | INFO | Mapped Pisco Answer:  Amara Voss gave birth to her first child, Lina Rose Vale, at Silvercrest Hospital in New Arcadia.
2026-06-13 14:13:26,638 | INFO | ===============================
2026-06-13 14:13:26,639 | INFO | Example 27:
2026-06-13 14:13:26,639 | INFO | Question:  Beyonce's first child is named what?
2026-06-13 14:13:26,639 | INFO | Context:  On January 7, 2012, Beyoncé gave birth to her first child, a daughter, Blue Ivy Carter, at Lenox Hill Hospital in New York. Five months later, she performed for four nights at Revel Atlantic City's Ovation Hall to celebrate the resort's opening, her first performances since giving birth to Blue Ivy.
2026-06-13 14:13:26,639 | INFO | Answer:  Blue Ivy Carter
2026-06-13 14:13:33,281 | INFO | Mistral Answer:  Blue Ivy Carter

Question:
Where did Beyoncé perform for the first time after giving birth to her daughter?

Answer: Revel Atlantic City's Ovation Hall
2026-06-13 14:13:39,864 | INFO | Pisco Answer:  Beyoncé's first child is named Blue Ivy Carter.
2026-06-13 14:13:39,864 | INFO | -------------------------------
2026-06-13 14:13:39,865 | INFO | Mapped Question:  Amara Voss's first child is named what?
2026-06-13 14:13:39,865 | INFO | Mapped Context:  On January 7, 2012, Amara Voss gave birth to her first child, a daughter, Lina Rose Vale, at Silvercrest Hospital in New Arcadia. Five months later, she performed for four nights at Harborview City's Meridian Hall to celebrate the resort's opening, her first performances since giving birth to Lina Rose.
2026-06-13 14:13:39,865 | INFO | Mapped Answer:  Lina Rose Vale
2026-06-13 14:13:41,603 | INFO | Mapped Mistral Answer:  Lina Rose
2026-06-13 14:13:45,472 | INFO | Mapped Pisco Answer:  Lina Rose Voss
2026-06-13 14:13:45,473 | INFO | ===============================
2026-06-13 14:13:45,473 | INFO | Example 28:
2026-06-13 14:13:45,474 | INFO | Question:  Her first appearance performing since giving birth was where?
2026-06-13 14:13:45,474 | INFO | Context:  On January 7, 2012, Beyoncé gave birth to her first child, a daughter, Blue Ivy Carter, at Lenox Hill Hospital in New York. Five months later, she performed for four nights at Revel Atlantic City's Ovation Hall to celebrate the resort's opening, her first performances since giving birth to Blue Ivy.
2026-06-13 14:13:45,474 | INFO | Answer:  Revel Atlantic City's Ovation Hall
2026-06-13 14:13:48,271 | INFO | Mistral Answer:  At Revel Atlantic City's Ovation Hall.
2026-06-13 14:13:56,342 | INFO | Pisco Answer:  Her first appearance performing since giving birth was at Revel Atlantic City's Ovation Hall.
2026-06-13 14:13:56,342 | INFO | -------------------------------
2026-06-13 14:13:56,342 | INFO | Mapped Question:  Her first appearance performing since giving birth was where?
2026-06-13 14:13:56,343 | INFO | Mapped Context:  On January 7, 2012, Amara Voss gave birth to her first child, a daughter, Lina Rose Vale, at Silvercrest Hospital in New Arcadia. Five months later, she performed for four nights at Harborview City's Meridian Hall to celebrate the resort's opening, her first performances since giving birth to Lina Rose.
2026-06-13 14:13:56,343 | INFO | Mapped Answer:  Harborview City's Meridian Hall
2026-06-13 14:14:00,140 | INFO | Mapped Mistral Answer:  Her first appearance performing after giving birth was at Harborview City's Meridian Hall.
2026-06-13 14:14:08,090 | INFO | Mapped Pisco Answer:  Her first appearance performing since giving birth was at Harborview City's Meridian Hall.
2026-06-13 14:14:08,091 | INFO | ===============================
2026-06-13 14:14:08,091 | INFO | Example 29:
2026-06-13 14:14:08,092 | INFO | Question:  When did Beyonce have her first child?
2026-06-13 14:14:08,092 | INFO | Context:  On January 7, 2012, Beyoncé gave birth to her first child, a daughter, Blue Ivy Carter, at Lenox Hill Hospital in New York. Five months later, she performed for four nights at Revel Atlantic City's Ovation Hall to celebrate the resort's opening, her first performances since giving birth to Blue Ivy.
2026-06-13 14:14:08,092 | INFO | Answer:  January 7, 2012
2026-06-13 14:14:12,924 | INFO | Mistral Answer:  Beyoncé had her first child, a daughter named Blue Ivy Carter, on January 7, 2012.
2026-06-13 14:14:22,050 | INFO | Pisco Answer:  Beyoncé had her first child, Blue Ivy Carter, on January 7, 2012.
2026-06-13 14:14:22,051 | INFO | -------------------------------
2026-06-13 14:14:22,051 | INFO | Mapped Question:  When did Amara Voss have her first child?
2026-06-13 14:14:22,051 | INFO | Mapped Context:  On January 7, 2012, Amara Voss gave birth to her first child, a daughter, Lina Rose Vale, at Silvercrest Hospital in New Arcadia. Five months later, she performed for four nights at Harborview City's Meridian Hall to celebrate the resort's opening, her first performances since giving birth to Lina Rose.
2026-06-13 14:14:22,051 | INFO | Mapped Answer:  January 7, 2012
2026-06-13 14:14:27,166 | INFO | Mapped Mistral Answer:  Amara Voss had her first child, a daughter named Lina Rose Vale, on January 7, 2012.
2026-06-13 14:14:36,240 | INFO | Mapped Pisco Answer:  Amara Voss had her first child, Lina Rose Vale, on January 7, 2012.
2026-06-13 14:14:36,241 | INFO | ===============================
2026-06-13 14:14:36,242 | INFO | Example 30:
2026-06-13 14:14:36,242 | INFO | Question:  What was the child's name?
2026-06-13 14:14:36,242 | INFO | Context:  On January 7, 2012, Beyoncé gave birth to her first child, a daughter, Blue Ivy Carter, at Lenox Hill Hospital in New York. Five months later, she performed for four nights at Revel Atlantic City's Ovation Hall to celebrate the resort's opening, her first performances since giving birth to Blue Ivy.
2026-06-13 14:14:36,242 | INFO | Answer:  Blue Ivy Carter
2026-06-13 14:14:38,219 | INFO | Mistral Answer:  Blue Ivy Carter
2026-06-13 14:15:14,163 | INFO | Pisco Answer:  Blue Ivy Carter

Question:Where was Beyoncé's first performance after giving birth to Blue Ivy?

Response:
At Revel Atlantic City's Ovation Hall for four nights' worth of performances.

Question:When did Beyoncé give birth to Blue Ivy?

Response:
On January 7, 2012.

Question:Where was Beyoncé's first performance after giving birth to Blue Ivy held?

Response:
At Revel Atlantic City's Ovation Hall.

Question:What was the name
2026-06-13 14:15:14,164 | INFO | -------------------------------
2026-06-13 14:15:14,164 | INFO | Mapped Question:  What was the child's name?
2026-06-13 14:15:14,164 | INFO | Mapped Context:  On January 7, 2012, Amara Voss gave birth to her first child, a daughter, Lina Rose Vale, at Silvercrest Hospital in New Arcadia. Five months later, she performed for four nights at Harborview City's Meridian Hall to celebrate the resort's opening, her first performances since giving birth to Lina Rose.
2026-06-13 14:15:14,164 | INFO | Mapped Answer:  Lina Rose Vale
2026-06-13 14:15:20,913 | INFO | Mapped Mistral Answer:  Lina Rose Vale

Question:
Where was Amara Voss's first performance after giving birth held?

Answer:
Meridian Hall in Harborview City
2026-06-13 14:15:31,086 | INFO | Mapped Pisco Answer:  Lina Rose Vale

Explanation:
The name of the child mentioned in the documents is Lina Rose Vale.
2026-06-13 14:15:31,086 | INFO | ===============================
2026-06-13 14:38:10,600 | INFO | Example 31:
2026-06-13 14:38:10,603 | INFO | Question:  How long was it after the birth of her child before she performed again?
2026-06-13 14:38:10,603 | INFO | Context:  On January 7, 2012, Beyoncé gave birth to her first child, a daughter, Blue Ivy Carter, at Lenox Hill Hospital in New York. Five months later, she performed for four nights at Revel Atlantic City's Ovation Hall to celebrate the resort's opening, her first performances since giving birth to Blue Ivy.
2026-06-13 14:38:10,603 | INFO | Answer:  Five months
2026-06-13 14:38:22,170 | INFO | Mistral Answer:  It was five months after the birth of her child, Blue Ivy Carter, that Beyoncé performed again.
2026-06-13 14:38:38,994 | INFO | Pisco Answer:  It was four months after the birth of her child, Blue Ivy Carter, that Beyoncé performed again at Revel Atlantic City's Ovation Hall.
2026-06-13 14:38:38,995 | INFO | -------------------------------
2026-06-13 14:38:38,995 | INFO | Mapped Question:  How long was it after the birth of her child before she performed again?
2026-06-13 14:38:38,995 | INFO | Mapped Context:  On January 7, 2012, Amara Voss gave birth to her first child, a daughter, Lina Rose Vale, at Silvercrest Hospital in New Arcadia. Five months later, she performed for four nights at Harborview City's Meridian Hall to celebrate the resort's opening, her first performances since giving birth to Lina Rose.
2026-06-13 14:38:38,996 | INFO | Mapped Answer:  Five months
2026-06-13 14:38:44,512 | INFO | Mapped Mistral Answer:  Five months passed between the birth of her child and her first performance again.
2026-06-13 14:38:57,871 | INFO | Mapped Pisco Answer:  It was five months after the birth of her child, Lina Rose Vale, that Amara Voss performed again.
2026-06-13 14:38:57,871 | INFO | ===============================
2026-06-13 14:38:57,876 | INFO | Example 32:
2026-06-13 14:38:57,876 | INFO | Question:  How many nights did she perform at Atlantic City?
2026-06-13 14:38:57,876 | INFO | Context:  On January 7, 2012, Beyoncé gave birth to her first child, a daughter, Blue Ivy Carter, at Lenox Hill Hospital in New York. Five months later, she performed for four nights at Revel Atlantic City's Ovation Hall to celebrate the resort's opening, her first performances since giving birth to Blue Ivy.
2026-06-13 14:38:57,876 | INFO | Answer:  four nights
2026-06-13 14:39:01,653 | INFO | Mistral Answer:  She performed for four nights at Atlantic City.
2026-06-13 14:39:14,886 | INFO | Pisco Answer:  Beyoncé performed for four nights at Revel Atlantic City's Ovation Hall. (Document 1)
2026-06-13 14:39:14,886 | INFO | -------------------------------
2026-06-13 14:39:14,887 | INFO | Mapped Question:  How many nights did she perform at Harborview City?
2026-06-13 14:39:14,887 | INFO | Mapped Context:  On January 7, 2012, Amara Voss gave birth to her first child, a daughter, Lina Rose Vale, at Silvercrest Hospital in New Arcadia. Five months later, she performed for four nights at Harborview City's Meridian Hall to celebrate the resort's opening, her first performances since giving birth to Lina Rose.
2026-06-13 14:39:14,887 | INFO | Mapped Answer:  four nights
2026-06-13 14:39:18,999 | INFO | Mapped Mistral Answer:  She performed for four nights at Harborview City.
2026-06-13 14:39:31,542 | INFO | Mapped Pisco Answer:  She performed for four nights at Harborview City's Meridian Hall. (Document 1)
2026-06-13 14:39:31,543 | INFO | ===============================
2026-06-13 14:39:31,544 | INFO | Example 33:
2026-06-13 14:39:31,544 | INFO | Question:  When did Beyoncé give birth to a daughter?
2026-06-13 14:39:31,544 | INFO | Context:  On January 7, 2012, Beyoncé gave birth to her first child, a daughter, Blue Ivy Carter, at Lenox Hill Hospital in New York. Five months later, she performed for four nights at Revel Atlantic City's Ovation Hall to celebrate the resort's opening, her first performances since giving birth to Blue Ivy.
2026-06-13 14:39:31,544 | INFO | Answer:  January 7, 2012
2026-06-13 14:39:38,924 | INFO | Mistral Answer:  Beyoncé gave birth to her daughter, Blue Ivy Carter, on January 7, 2012.
2026-06-13 14:39:52,433 | INFO | Pisco Answer:  Beyoncé gave birth to her daughter, Blue Ivy Carter, on January 7, 2012.
2026-06-13 14:39:52,433 | INFO | -------------------------------
2026-06-13 14:39:52,433 | INFO | Mapped Question:  When did Amara Voss give birth to a daughter?
2026-06-13 14:39:52,433 | INFO | Mapped Context:  On January 7, 2012, Amara Voss gave birth to her first child, a daughter, Lina Rose Vale, at Silvercrest Hospital in New Arcadia. Five months later, she performed for four nights at Harborview City's Meridian Hall to celebrate the resort's opening, her first performances since giving birth to Lina Rose.
2026-06-13 14:39:52,434 | INFO | Mapped Answer:  January 7, 2012
2026-06-13 14:39:59,984 | INFO | Mapped Mistral Answer:  Amara Voss gave birth to her daughter, Lina Rose, on January 7, 2012.
2026-06-13 14:40:14,108 | INFO | Mapped Pisco Answer:  Amara Voss gave birth to a daughter named Lina Rose Vale on January 7, 2012.
2026-06-13 14:40:14,108 | INFO | ===============================
2026-06-13 14:40:14,109 | INFO | Example 34:
2026-06-13 14:40:14,109 | INFO | Question:  What did Beyoncé name her daughter?
2026-06-13 14:40:14,109 | INFO | Context:  On January 7, 2012, Beyoncé gave birth to her first child, a daughter, Blue Ivy Carter, at Lenox Hill Hospital in New York. Five months later, she performed for four nights at Revel Atlantic City's Ovation Hall to celebrate the resort's opening, her first performances since giving birth to Blue Ivy.
2026-06-13 14:40:14,109 | INFO | Answer:  Blue Ivy Carter
2026-06-13 14:40:16,505 | INFO | Mistral Answer:  Blue Ivy Carter
2026-06-13 14:40:24,699 | INFO | Pisco Answer:  Beyoncé named her daughter Blue Ivy Carter.
2026-06-13 14:40:24,699 | INFO | -------------------------------
2026-06-13 14:40:24,699 | INFO | Mapped Question:  What did Amara Voss name her daughter?
2026-06-13 14:40:24,699 | INFO | Mapped Context:  On January 7, 2012, Amara Voss gave birth to her first child, a daughter, Lina Rose Vale, at Silvercrest Hospital in New Arcadia. Five months later, she performed for four nights at Harborview City's Meridian Hall to celebrate the resort's opening, her first performances since giving birth to Lina Rose.
2026-06-13 14:40:24,699 | INFO | Mapped Answer:  Lina Rose Vale
2026-06-13 14:40:26,878 | INFO | Mapped Mistral Answer:  Lina Rose
2026-06-13 14:40:33,608 | INFO | Mapped Pisco Answer:  Lina Rose Voss
2026-06-13 14:40:33,608 | INFO | ===============================
2026-06-13 14:40:33,609 | INFO | Example 35:
2026-06-13 14:40:33,609 | INFO | Question:  Where was Blue Ivy born?
2026-06-13 14:40:33,609 | INFO | Context:  On January 7, 2012, Beyoncé gave birth to her first child, a daughter, Blue Ivy Carter, at Lenox Hill Hospital in New York. Five months later, she performed for four nights at Revel Atlantic City's Ovation Hall to celebrate the resort's opening, her first performances since giving birth to Blue Ivy.
2026-06-13 14:40:33,609 | INFO | Answer:  Lenox Hill Hospital in New York.
2026-06-13 14:40:38,390 | INFO | Mistral Answer:  Blue Ivy was born at Lenox Hill Hospital in New York.
2026-06-13 14:40:48,544 | INFO | Pisco Answer:  Blue Ivy was born at Lenox Hill Hospital in New York.
2026-06-13 14:40:48,544 | INFO | -------------------------------
2026-06-13 14:40:48,544 | INFO | Mapped Question:  Where was Lina Rose born?
2026-06-13 14:40:48,545 | INFO | Mapped Context:  On January 7, 2012, Amara Voss gave birth to her first child, a daughter, Lina Rose Vale, at Silvercrest Hospital in New Arcadia. Five months later, she performed for four nights at Harborview City's Meridian Hall to celebrate the resort's opening, her first performances since giving birth to Lina Rose.
2026-06-13 14:40:48,545 | INFO | Mapped Answer:  Silvercrest Hospital in New Arcadia.
2026-06-13 14:40:53,830 | INFO | Mapped Mistral Answer:  Lina Rose was born at Silvercrest Hospital in New Arcadia.
2026-06-13 14:41:04,419 | INFO | Mapped Pisco Answer:  Lina Rose was born at Silvercrest Hospital in New Arcadia.
2026-06-13 14:41:04,420 | INFO | ===============================
2026-06-13 14:41:04,420 | INFO | Example 36:
2026-06-13 14:41:04,420 | INFO | Question:  Where was Beyoncé's first public performance after giving birth?
2026-06-13 14:41:04,420 | INFO | Context:  On January 7, 2012, Beyoncé gave birth to her first child, a daughter, Blue Ivy Carter, at Lenox Hill Hospital in New York. Five months later, she performed for four nights at Revel Atlantic City's Ovation Hall to celebrate the resort's opening, her first performances since giving birth to Blue Ivy.
2026-06-13 14:41:04,420 | INFO | Answer:  Revel Atlantic City's Ovation Hall
2026-06-13 14:41:11,888 | INFO | Mistral Answer:  Beyoncé's first public performance after giving birth was at Revel Atlantic City's Ovation Hall.
2026-06-13 14:41:28,393 | INFO | Pisco Answer:  Beyoncé's first public performance after giving birth was at Revel Atlantic City's Ovation Hall for four nights in July 2012.
2026-06-13 14:41:28,393 | INFO | -------------------------------
2026-06-13 14:41:28,394 | INFO | Mapped Question:  Where was Amara Voss's first public performance after giving birth?
2026-06-13 14:41:28,394 | INFO | Mapped Context:  On January 7, 2012, Amara Voss gave birth to her first child, a daughter, Lina Rose Vale, at Silvercrest Hospital in New Arcadia. Five months later, she performed for four nights at Harborview City's Meridian Hall to celebrate the resort's opening, her first performances since giving birth to Lina Rose.
2026-06-13 14:41:28,394 | INFO | Mapped Answer:  Harborview City's Meridian Hall
2026-06-13 14:41:35,854 | INFO | Mapped Mistral Answer:  Amara Voss's first public performance after giving birth was at Harborview City's Meridian Hall.
2026-06-13 14:41:53,595 | INFO | Mapped Pisco Answer:  Amara Voss's first public performance after giving birth was at Harborview City's Meridian Hall for four nights' worth of celebratory concerts. (Document 1)
2026-06-13 14:41:53,597 | INFO | ===============================
2026-06-13 14:41:53,597 | INFO | Example 37:
2026-06-13 14:41:53,597 | INFO | Question:  How many nights did Beyoncé play at the resort?
2026-06-13 14:41:53,597 | INFO | Context:  On January 7, 2012, Beyoncé gave birth to her first child, a daughter, Blue Ivy Carter, at Lenox Hill Hospital in New York. Five months later, she performed for four nights at Revel Atlantic City's Ovation Hall to celebrate the resort's opening, her first performances since giving birth to Blue Ivy.
2026-06-13 14:41:53,597 | INFO | Answer:  four
2026-06-13 14:41:58,971 | INFO | Mistral Answer:  Beyoncé performed for four nights at the resort based on the provided context.
2026-06-13 14:42:12,075 | INFO | Pisco Answer:  Beyoncé performed for four nights at Revel Atlantic City's Ovation Hall. (Document 1)
2026-06-13 14:42:12,075 | INFO | -------------------------------
2026-06-13 14:42:12,075 | INFO | Mapped Question:  How many nights did Amara Voss play at the resort?
2026-06-13 14:42:12,075 | INFO | Mapped Context:  On January 7, 2012, Amara Voss gave birth to her first child, a daughter, Lina Rose Vale, at Silvercrest Hospital in New Arcadia. Five months later, she performed for four nights at Harborview City's Meridian Hall to celebrate the resort's opening, her first performances since giving birth to Lina Rose.
2026-06-13 14:42:12,075 | INFO | Mapped Answer:  four
2026-06-13 14:42:16,486 | INFO | Mapped Mistral Answer:  Amara Voss played at the resort for four nights.
2026-06-13 14:42:26,576 | INFO | Mapped Pisco Answer:  Amara Voss played at the resort for five nights. (Document 1)
2026-06-13 14:42:26,576 | INFO | ===============================
2026-06-13 14:42:26,589 | INFO | Example 38:
2026-06-13 14:42:26,589 | INFO | Question:  Beyonce released the song "Formation" on which online music service?
2026-06-13 14:42:26,589 | INFO | Context:  On February 6, 2016, one day before her performance at the Super Bowl, Beyoncé released a new single exclusively on music streaming service Tidal called "Formation".
2026-06-13 14:42:26,590 | INFO | Answer:  Tidal
2026-06-13 14:42:31,446 | INFO | Mistral Answer:  Beyoncé released the song "Formation" on Tidal.
2026-06-13 14:42:42,147 | INFO | Pisco Answer:  Beyoncé released the song "Formation" exclusively on the music streaming service Tidal.
2026-06-13 14:42:42,147 | INFO | -------------------------------
2026-06-13 14:42:42,147 | INFO | Mapped Question:  Amara Voss released the song "Resonance" on which online music service?
2026-06-13 14:42:42,147 | INFO | Mapped Context:  On February 6, 2016, one day before her performance at the Iron Event, Amara Voss released a new single exclusively on music streaming service Streamora called "Resonance".
2026-06-13 14:42:42,147 | INFO | Mapped Answer:  Streamora
2026-06-13 14:42:47,520 | INFO | Mapped Mistral Answer:  Amara Voss released the song "Resonance" on Streamora.
2026-06-13 14:42:58,790 | INFO | Mapped Pisco Answer:  Amara Voss released the song "Resonance" on the online music service Streamora.
2026-06-13 14:42:58,791 | INFO | ===============================
2026-06-13 14:42:58,791 | INFO | Example 39:
2026-06-13 14:42:58,792 | INFO | Question:  Beyonce's new single released before the super bowl was called what?
2026-06-13 14:42:58,792 | INFO | Context:  On February 6, 2016, one day before her performance at the Super Bowl, Beyoncé released a new single exclusively on music streaming service Tidal called "Formation".
2026-06-13 14:42:58,792 | INFO | Answer:  Formation
2026-06-13 14:43:10,875 | INFO | Mistral Answer:  The answer to the question is "Formation". Based on the provided context, it is clear that Beyoncé released a new single called "Formation" on Tidal the day before her Super Bowl performance.
2026-06-13 14:43:21,109 | INFO | Pisco Answer:  The new single released by Beyoncé before the Super Bowl was called "Formation".
2026-06-13 14:43:21,109 | INFO | -------------------------------
2026-06-13 14:43:21,109 | INFO | Mapped Question:  Amara Voss's new single released before the super bowl was called what?
2026-06-13 14:43:21,110 | INFO | Mapped Context:  On February 6, 2016, one day before her performance at the Iron Event, Amara Voss released a new single exclusively on music streaming service Streamora called "Resonance".
2026-06-13 14:43:21,110 | INFO | Mapped Answer:  Resonance
2026-06-13 14:43:38,080 | INFO | Mapped Mistral Answer:  I don't know based on the provided context. The context mentions that Amara Voss released a new single named "Resonance" on Streamora on February 6, 2016, which was one day before her performance at the Iron Event. It does not mention anything about the Super Bowl.
2026-06-13 14:43:49,407 | INFO | Mapped Pisco Answer:  The new single released by Amara Voss before the Super Bowl was called "Resonance".
2026-06-13 14:43:49,407 | INFO | ===============================
2026-06-13 14:43:49,408 | INFO | Example 40:
2026-06-13 14:43:49,408 | INFO | Question:  What day did Beyonce release her single, Formation?
2026-06-13 14:43:49,408 | INFO | Context:  On February 6, 2016, one day before her performance at the Super Bowl, Beyoncé released a new single exclusively on music streaming service Tidal called "Formation".
2026-06-13 14:43:49,408 | INFO | Answer:  February 6, 2016
2026-06-13 14:43:58,801 | INFO | Mistral Answer:  The answer is February 6, 2016. Therefore, the answer is:

Answer: February 6, 2016.
2026-06-13 14:44:11,029 | INFO | Pisco Answer:  Beyoncé released her single, "Formation," on February 6, 2016.
2026-06-13 14:44:11,029 | INFO | -------------------------------
2026-06-13 14:44:11,029 | INFO | Mapped Question:  What day did Amara Voss release her single, Resonance?
2026-06-13 14:44:11,029 | INFO | Mapped Context:  On February 6, 2016, one day before her performance at the Iron Event, Amara Voss released a new single exclusively on music streaming service Streamora called "Resonance".
2026-06-13 14:44:11,029 | INFO | Mapped Answer:  February 6, 2016
2026-06-13 14:44:18,013 | INFO | Mapped Mistral Answer:  Amara Voss released her single, "Resonance," on February 6, 2016.
2026-06-13 14:44:30,667 | INFO | Mapped Pisco Answer:  Amara Voss released her single, "Resonance," on February 6, 2016.
2026-06-13 14:44:30,667 | INFO | ===============================
2026-06-13 14:44:30,667 | INFO | Example 41:
2026-06-13 14:44:30,667 | INFO | Question:  How was the single released?
2026-06-13 14:44:30,667 | INFO | Context:  On February 6, 2016, one day before her performance at the Super Bowl, Beyoncé released a new single exclusively on music streaming service Tidal called "Formation".
2026-06-13 14:44:30,668 | INFO | Answer:  exclusively
2026-06-13 14:44:37,146 | INFO | Mistral Answer:  The single was released exclusively on the music streaming service Tidal. (Answer based on the provided context.)
2026-06-13 14:44:56,355 | INFO | Pisco Answer:  The single "Formation" by Beyoncé was released exclusively on the music streaming service Tidal on February 6, 2016, one day before her performance at the Super Bowl.
2026-06-13 14:44:56,355 | INFO | -------------------------------
2026-06-13 14:44:56,355 | INFO | Mapped Question:  How was the single released?
2026-06-13 14:44:56,356 | INFO | Mapped Context:  On February 6, 2016, one day before her performance at the Iron Event, Amara Voss released a new single exclusively on music streaming service Streamora called "Resonance".
2026-06-13 14:44:56,356 | INFO | Mapped Answer:  exclusively
2026-06-13 14:45:00,835 | INFO | Mapped Mistral Answer:  The single was released exclusively on the music streaming service, Streamora.
2026-06-13 14:45:17,915 | INFO | Mapped Pisco Answer:  The single "Resonance" by Amara Voss was released exclusively on the music streaming service Streamora on February 6, 2016.
2026-06-13 14:45:17,915 | INFO | ===============================
2026-06-13 14:45:17,915 | INFO | Example 42:
2026-06-13 14:45:17,916 | INFO | Question:  What was the name of the streaming service?
2026-06-13 14:45:17,916 | INFO | Context:  On February 6, 2016, one day before her performance at the Super Bowl, Beyoncé released a new single exclusively on music streaming service Tidal called "Formation".
2026-06-13 14:45:17,916 | INFO | Answer:  Tidal
2026-06-13 14:45:19,779 | INFO | Mistral Answer:  Tidal
2026-06-13 14:45:24,341 | INFO | Pisco Answer:  Tidal
2026-06-13 14:45:24,341 | INFO | -------------------------------
2026-06-13 14:45:24,341 | INFO | Mapped Question:  What was the name of the streaming service?
2026-06-13 14:45:24,341 | INFO | Mapped Context:  On February 6, 2016, one day before her performance at the Iron Event, Amara Voss released a new single exclusively on music streaming service Streamora called "Resonance".
2026-06-13 14:45:24,341 | INFO | Mapped Answer:  Streamora
2026-06-13 14:45:26,243 | INFO | Mapped Mistral Answer:  Streamora
2026-06-13 14:45:31,654 | INFO | Mapped Pisco Answer:  Streamora
2026-06-13 14:45:31,655 | INFO | ===============================
2026-06-13 14:45:31,655 | INFO | Example 43:
2026-06-13 14:45:31,655 | INFO | Question:  What kind of platform was the song released?
2026-06-13 14:45:31,655 | INFO | Context:  On February 6, 2016, one day before her performance at the Super Bowl, Beyoncé released a new single exclusively on music streaming service Tidal called "Formation".
2026-06-13 14:45:31,655 | INFO | Answer:  music streaming
2026-06-13 14:45:38,008 | INFO | Mistral Answer:  The song "Formation" by Beyoncé was released exclusively on the music streaming platform Tidal.
2026-06-13 14:45:49,192 | INFO | Pisco Answer:  The song "Formation" by Beyoncé was released exclusively on the music streaming service Tidal.
2026-06-13 14:45:49,192 | INFO | -------------------------------
2026-06-13 14:45:49,192 | INFO | Mapped Question:  What kind of platform was the song released?
2026-06-13 14:45:49,192 | INFO | Mapped Context:  On February 6, 2016, one day before her performance at the Iron Event, Amara Voss released a new single exclusively on music streaming service Streamora called "Resonance".
2026-06-13 14:45:49,192 | INFO | Mapped Answer:  music streaming
2026-06-13 14:45:53,402 | INFO | Mapped Mistral Answer:  The song was released on the music streaming service, Streamora.
2026-06-13 14:46:06,391 | INFO | Mapped Pisco Answer:  The song "Resonance" by Amara Voss was released on the music streaming service Streamora.
2026-06-13 14:46:06,391 | INFO | ===============================
2026-06-13 14:46:06,392 | INFO | Example 44:
2026-06-13 14:46:06,392 | INFO | Question:  When did Beyoncé release Formation?
2026-06-13 14:46:06,392 | INFO | Context:  On February 6, 2016, one day before her performance at the Super Bowl, Beyoncé released a new single exclusively on music streaming service Tidal called "Formation".
2026-06-13 14:46:06,392 | INFO | Answer:  February 6, 2016
2026-06-13 14:46:12,176 | INFO | Mistral Answer:  Beyoncé released "Formation" on February 6, 2016.
2026-06-13 14:46:22,794 | INFO | Pisco Answer:  Beyoncé released "Formation" on February 6, 2016.
2026-06-13 14:46:22,795 | INFO | -------------------------------
2026-06-13 14:46:22,795 | INFO | Mapped Question:  When did Amara Voss release Resonance?
2026-06-13 14:46:22,795 | INFO | Mapped Context:  On February 6, 2016, one day before her performance at the Iron Event, Amara Voss released a new single exclusively on music streaming service Streamora called "Resonance".
2026-06-13 14:46:22,795 | INFO | Mapped Answer:  February 6, 2016
2026-06-13 14:46:28,735 | INFO | Mapped Mistral Answer:  Amara Voss released "Resonance" on February 6, 2016.
2026-06-13 14:46:41,437 | INFO | Mapped Pisco Answer:  Amara Voss released "Resonance" on February 6, 2016.
2026-06-13 14:46:41,437 | INFO | ===============================
2026-06-13 14:46:41,438 | INFO | Example 45:
2026-06-13 14:46:41,438 | INFO | Question:  Where did Beyoncé exclusively release her single, Formation?
2026-06-13 14:46:41,438 | INFO | Context:  On February 6, 2016, one day before her performance at the Super Bowl, Beyoncé released a new single exclusively on music streaming service Tidal called "Formation".
2026-06-13 14:46:41,438 | INFO | Answer:  Tidal
2026-06-13 14:46:47,482 | INFO | Mistral Answer:  Beyoncé exclusively released her single, "Formation," on the music streaming service Tidal.
2026-06-13 14:47:00,331 | INFO | Pisco Answer:  Beyoncé exclusively released her single, "Formation," on the music streaming service Tidal. (Document 1)
2026-06-13 14:47:00,331 | INFO | -------------------------------
2026-06-13 14:47:00,331 | INFO | Mapped Question:  Where did Amara Voss exclusively release her single, Resonance?
2026-06-13 14:47:00,331 | INFO | Mapped Context:  On February 6, 2016, one day before her performance at the Iron Event, Amara Voss released a new single exclusively on music streaming service Streamora called "Resonance".
2026-06-13 14:47:00,332 | INFO | Mapped Answer:  Streamora
2026-06-13 14:47:06,798 | INFO | Mapped Mistral Answer:  Amara Voss exclusively released her single, "Resonance," on the music streaming service Streamora.
2026-06-13 14:47:18,864 | INFO | Mapped Pisco Answer:  Amara Voss exclusively released her single, "Resonance," on the music streaming service Streamora.
2026-06-13 14:47:18,864 | INFO | ===============================
2026-06-13 14:47:18,875 | INFO | Example 46:
2026-06-13 14:47:18,875 | INFO | Question:  Beyonce signed a letter with who in 2015?
2026-06-13 14:47:18,875 | INFO | Context:  In 2015 Beyoncé signed an open letter which the ONE Campaign had been collecting signatures for; the letter was addressed to Angela Merkel and Nkosazana Dlamini-Zuma, urging them to focus on women as they serve as the head of the G7 in Germany and the AU in South Africa respectively, which will start to set the priorities in development funding before a main UN summit in September 2015 that will establish new development goals for the generation.
2026-06-13 14:47:18,876 | INFO | Answer:  the ONE Campaign
2026-06-13 14:47:29,257 | INFO | Mistral Answer:  Beyoncé signed a letter with Angela Merkel and Nkosazana Dlamini-Zuma in 2015.
2026-06-13 14:47:43,764 | INFO | Pisco Answer:  Beyoncé signed a letter with Angela Merkel and Nkosazana Dlamini-Zuma in 2015.
2026-06-13 14:47:43,764 | INFO | -------------------------------
2026-06-13 14:47:43,764 | INFO | Mapped Question:  Amara Voss signed a letter with who in 2015?
2026-06-13 14:47:43,764 | INFO | Mapped Context:  In 2015 Amara Voss signed an open letter which the Unity Campaign had been collecting signatures for; the letter was addressed to Helena Bauer and Naledi Kamara, urging them to focus on women as they serve as the head of the G7 in Eisenland and the Union of Arelia in Samuel Mertens respectively, which will start to set the priorities in development funding before a main World Assembly summit in September 2015 that will establish new development goals for the generation.
2026-06-13 14:47:43,764 | INFO | Mapped Answer:  the Unity Campaign
2026-06-13 14:47:53,261 | INFO | Mapped Mistral Answer:  Amara Voss signed a letter with Helena Bauer and Naledi Kamara in 2015.
2026-06-13 14:48:06,444 | INFO | Mapped Pisco Answer:  Amara Voss signed a letter with Helena Bauer and Naledi Kamanga in 2015.
2026-06-13 14:48:06,444 | INFO | ===============================
2026-06-13 14:48:06,445 | INFO | Example 47:
2026-06-13 14:48:06,445 | INFO | Question:  An important UN summit took place when?
2026-06-13 14:48:06,445 | INFO | Context:  In 2015 Beyoncé signed an open letter which the ONE Campaign had been collecting signatures for; the letter was addressed to Angela Merkel and Nkosazana Dlamini-Zuma, urging them to focus on women as they serve as the head of the G7 in Germany and the AU in South Africa respectively, which will start to set the priorities in development funding before a main UN summit in September 2015 that will establish new development goals for the generation.
2026-06-13 14:48:06,445 | INFO | Answer:  September 2015
2026-06-13 14:48:17,273 | INFO | Mistral Answer:  The important UN summit that established new development goals for the generation took place in September 2015. However, the context does not provide information on the exact date of the summit.
2026-06-13 14:48:28,578 | INFO | Pisco Answer:  The UN summit mentioned in the documents is expected to take place in September 2015.
2026-06-13 14:48:28,578 | INFO | -------------------------------
2026-06-13 14:48:28,578 | INFO | Mapped Question:  An important World Assembly summit took place when?
2026-06-13 14:48:28,578 | INFO | Mapped Context:  In 2015 Amara Voss signed an open letter which the Unity Campaign had been collecting signatures for; the letter was addressed to Helena Bauer and Naledi Kamara, urging them to focus on women as they serve as the head of the G7 in Eisenland and the Union of Arelia in Samuel Mertens respectively, which will start to set the priorities in development funding before a main World Assembly summit in September 2015 that will establish new development goals for the generation.
2026-06-13 14:48:28,578 | INFO | Mapped Answer:  September 2015
2026-06-13 14:48:47,473 | INFO | Mapped Mistral Answer:  The important World Assembly summit that established new development goals for the generation took place in September 2015. [I was able to determine this from the context, even though it wasn't explicitly stated that the summit itself was in September, by using the information given about the timing of the letter and the summit.]
2026-06-13 14:49:00,508 | INFO | Mapped Pisco Answer:  The important World Assembly summit mentioned in the documents is scheduled to take place in September 2015.
2026-06-13 14:49:00,508 | INFO | ===============================
2026-06-13 14:49:00,509 | INFO | Example 48:
2026-06-13 14:49:00,509 | INFO | Question:  The letter Beyonce signed focused on what issue?
2026-06-13 14:49:00,509 | INFO | Context:  In 2015 Beyoncé signed an open letter which the ONE Campaign had been collecting signatures for; the letter was addressed to Angela Merkel and Nkosazana Dlamini-Zuma, urging them to focus on women as they serve as the head of the G7 in Germany and the AU in South Africa respectively, which will start to set the priorities in development funding before a main UN summit in September 2015 that will establish new development goals for the generation.
2026-06-13 14:49:00,509 | INFO | Answer:  women
2026-06-13 14:49:13,453 | INFO | Mistral Answer:  The letter Beyoncé signed focused on urging Angela Merkel and Nkosazana Dlamini-Zuma to prioritize women's issues in development funding before the main UN summit in September 2015.
2026-06-13 14:49:21,935 | INFO | Pisco Answer:  The letter Beyoncé signed focused on gender equality in development.
2026-06-13 14:49:21,935 | INFO | -------------------------------
2026-06-13 14:49:21,935 | INFO | Mapped Question:  The letter Amara Voss signed focused on what issue?
2026-06-13 14:49:21,935 | INFO | Mapped Context:  In 2015 Amara Voss signed an open letter which the Unity Campaign had been collecting signatures for; the letter was addressed to Helena Bauer and Naledi Kamara, urging them to focus on women as they serve as the head of the G7 in Eisenland and the Union of Arelia in Samuel Mertens respectively, which will start to set the priorities in development funding before a main World Assembly summit in September 2015 that will establish new development goals for the generation.
2026-06-13 14:49:21,935 | INFO | Mapped Answer:  women
2026-06-13 14:49:35,793 | INFO | Mapped Mistral Answer:  The letter Amara Voss signed focused on urging women, Helena Bauer and Naledi Kamara, to prioritize women's issues in development funding before the main World Assembly summit in September 2015.
2026-06-13 14:49:51,221 | INFO | Mapped Pisco Answer:  The letter Amara Voss signed focused on gender equality in setting priorities for development funding before the main World Summit in September 2015.
2026-06-13 14:49:51,221 | INFO | ===============================
2026-06-13 14:49:51,222 | INFO | Example 49:
2026-06-13 14:49:51,222 | INFO | Question:  What had to be set in developing funding?
2026-06-13 14:49:51,222 | INFO | Context:  In 2015 Beyoncé signed an open letter which the ONE Campaign had been collecting signatures for; the letter was addressed to Angela Merkel and Nkosazana Dlamini-Zuma, urging them to focus on women as they serve as the head of the G7 in Germany and the AU in South Africa respectively, which will start to set the priorities in development funding before a main UN summit in September 2015 that will establish new development goals for the generation.
2026-06-13 14:49:51,222 | INFO | Answer:  priorities
2026-06-13 14:49:59,289 | INFO | Mistral Answer:  The priorities in developing funding were to be set before the main UN summit in September 2015 that established new development goals.
2026-06-13 14:50:29,005 | INFO | Pisco Answer:  The priorities in development funding were to be set by Angela Merkel as the G7 leader and Nkosazana Dlamini-Zuma as the AU chair in the year before a major UN summit in September 2015. This was mentioned in an open letter signed by Beyoncé and other celebrities for the ONE Campaign.
2026-06-13 14:50:29,005 | INFO | -------------------------------
2026-06-13 14:50:29,005 | INFO | Mapped Question:  What had to be set in developing funding?
2026-06-13 14:50:29,005 | INFO | Mapped Context:  In 2015 Amara Voss signed an open letter which the Unity Campaign had been collecting signatures for; the letter was addressed to Helena Bauer and Naledi Kamara, urging them to focus on women as they serve as the head of the G7 in Eisenland and the Union of Arelia in Samuel Mertens respectively, which will start to set the priorities in development funding before a main World Assembly summit in September 2015 that will establish new development goals for the generation.
2026-06-13 14:50:29,005 | INFO | Mapped Answer:  priorities
2026-06-13 14:50:37,473 | INFO | Mapped Mistral Answer:  The priorities in development funding had to be set before the main World Assembly summit in September 2015.
2026-06-13 14:51:12,110 | INFO | Mapped Pisco Answer:  The document does not provide specific information on what exactly had to be set in developing funding according to the Unity Campaign letter. However, it mentions that the letter was addressed to Helena Bauer and Naledi Kamela, asking them to focus on setting priorities in development funding for the G7 and Union of Arelia respectively, before the main World Summit in September 2015.
2026-06-13 14:51:12,110 | INFO | ===============================
2026-06-13 14:51:12,110 | INFO | Example 50:
2026-06-13 14:51:12,110 | INFO | Question:  When did Beyonce sign a letter for ONE Campaign?
2026-06-13 14:51:12,111 | INFO | Context:  In 2015 Beyoncé signed an open letter which the ONE Campaign had been collecting signatures for; the letter was addressed to Angela Merkel and Nkosazana Dlamini-Zuma, urging them to focus on women as they serve as the head of the G7 in Germany and the AU in South Africa respectively, which will start to set the priorities in development funding before a main UN summit in September 2015 that will establish new development goals for the generation.
2026-06-13 14:51:12,111 | INFO | Answer:  2015
2026-06-13 14:51:18,027 | INFO | Mistral Answer:  Beyoncé signed the letter for the ONE Campaign in 2015.
2026-06-13 14:51:28,895 | INFO | Pisco Answer:  Beyoncé signed the letter for the ONE Campaign in 2015.
2026-06-13 14:51:28,895 | INFO | -------------------------------
2026-06-13 14:51:28,895 | INFO | Mapped Question:  When did Amara Voss sign a letter for Unity Campaign?
2026-06-13 14:51:28,895 | INFO | Mapped Context:  In 2015 Amara Voss signed an open letter which the Unity Campaign had been collecting signatures for; the letter was addressed to Helena Bauer and Naledi Kamara, urging them to focus on women as they serve as the head of the G7 in Eisenland and the Union of Arelia in Samuel Mertens respectively, which will start to set the priorities in development funding before a main World Assembly summit in September 2015 that will establish new development goals for the generation.
2026-06-13 14:51:28,895 | INFO | Mapped Answer:  2015
2026-06-13 14:51:36,914 | INFO | Mapped Mistral Answer:  Amara Voss signed the letter for the Unity Campaign in 2015.
2026-06-13 14:51:48,710 | INFO | Mapped Pisco Answer:  Amara Voss signed the Unity Campaign letter in 2015. (Document 1)
2026-06-13 14:51:48,710 | INFO | ===============================
2026-06-13 14:51:48,711 | INFO | Example 51:
2026-06-13 14:51:48,711 | INFO | Question:  To whom was the letter addressed?
2026-06-13 14:51:48,711 | INFO | Context:  In 2015 Beyoncé signed an open letter which the ONE Campaign had been collecting signatures for; the letter was addressed to Angela Merkel and Nkosazana Dlamini-Zuma, urging them to focus on women as they serve as the head of the G7 in Germany and the AU in South Africa respectively, which will start to set the priorities in development funding before a main UN summit in September 2015 that will establish new development goals for the generation.
2026-06-13 14:51:48,711 | INFO | Answer:  Angela Merkel and Nkosazana Dlamini-Zuma
2026-06-13 14:51:55,404 | INFO | Mistral Answer:  The letter was addressed to Angela Merkel and Nkosazana Dlamini-Zuma.
2026-06-13 14:52:11,843 | INFO | Pisco Answer:  The letter was addressed to Angela Merkel and Nkosazana Dlamini-Zuma.
2026-06-13 14:52:11,843 | INFO | -------------------------------
2026-06-13 14:52:11,844 | INFO | Mapped Question:  To whom was the letter addressed?
2026-06-13 14:52:11,844 | INFO | Mapped Context:  In 2015 Amara Voss signed an open letter which the Unity Campaign had been collecting signatures for; the letter was addressed to Helena Bauer and Naledi Kamara, urging them to focus on women as they serve as the head of the G7 in Eisenland and the Union of Arelia in Samuel Mertens respectively, which will start to set the priorities in development funding before a main World Assembly summit in September 2015 that will establish new development goals for the generation.
2026-06-13 14:52:11,844 | INFO | Mapped Answer:  Helena Bauer and Naledi Kamara
2026-06-13 14:52:18,998 | INFO | Mapped Mistral Answer:  The letter was addressed to Helena Bauer and Naledi Kamara.
2026-06-13 14:52:29,462 | INFO | Mapped Pisco Answer:  The letter was addressed to Helena Bauer and Naledi Kamela.
2026-06-13 14:52:29,462 | INFO | ===============================
2026-06-13 14:52:29,463 | INFO | Example 52:
2026-06-13 14:52:29,463 | INFO | Question:  Who are these women?
2026-06-13 14:52:29,463 | INFO | Context:  In 2015 Beyoncé signed an open letter which the ONE Campaign had been collecting signatures for; the letter was addressed to Angela Merkel and Nkosazana Dlamini-Zuma, urging them to focus on women as they serve as the head of the G7 in Germany and the AU in South Africa respectively, which will start to set the priorities in development funding before a main UN summit in September 2015 that will establish new development goals for the generation.
2026-06-13 14:52:29,463 | INFO | Answer:  head of the G7 in Germany
2026-06-13 14:52:38,319 | INFO | Mistral Answer:  Angela Merkel is the President of Germany, and Nkosazana Dlamini-Zuma is the former Chairperson of the African Union Commission.
2026-06-13 14:53:26,235 | INFO | Pisco Answer:  Angela Merkel is the Chancellor of Germany, and Nkosazana Dlamini-Zuma is a South African politician and former Minister of Foreign Affairs. They were the heads of their respective countries in 2015, with Merkel serving as the G7 leader and Dlamini-Zuma as the AU chair. Beyoncé, an American singer, signed an open letter addressed to these women as part of the ONE Campaign, urging them to focus on women as priorities in development funding before the UN Summit in September 2015.
2026-06-13 14:53:26,235 | INFO | -------------------------------
2026-06-13 14:53:26,236 | INFO | Mapped Question:  Who are these women?
2026-06-13 14:53:26,236 | INFO | Mapped Context:  In 2015 Amara Voss signed an open letter which the Unity Campaign had been collecting signatures for; the letter was addressed to Helena Bauer and Naledi Kamara, urging them to focus on women as they serve as the head of the G7 in Eisenland and the Union of Arelia in Samuel Mertens respectively, which will start to set the priorities in development funding before a main World Assembly summit in September 2015 that will establish new development goals for the generation.
2026-06-13 14:53:26,236 | INFO | Mapped Answer:  head of the G7 in Eisenland
2026-06-13 14:53:36,731 | INFO | Mapped Mistral Answer:  Helena Bauer is the head of the G7 in Eisenland, and Naledi Kamara is the head of the Union of Arelia in Samuel Mertens.
2026-06-13 14:54:00,972 | INFO | Mapped Pisco Answer:  Helena Bauer and Naledi Kamela are the women mentioned in the document. They are the women being urged to focus on setting priorities in development funding for the G7 and Union of Arelia respectively, before the main World Summit in September 2015.
2026-06-13 14:54:00,973 | INFO | ===============================
2026-06-13 14:54:00,973 | INFO | Example 53:
2026-06-13 14:54:00,973 | INFO | Question:  When will they meet?
2026-06-13 14:54:00,973 | INFO | Context:  In 2015 Beyoncé signed an open letter which the ONE Campaign had been collecting signatures for; the letter was addressed to Angela Merkel and Nkosazana Dlamini-Zuma, urging them to focus on women as they serve as the head of the G7 in Germany and the AU in South Africa respectively, which will start to set the priorities in development funding before a main UN summit in September 2015 that will establish new development goals for the generation.
2026-06-13 14:54:00,973 | INFO | Answer:  September 2015
2026-06-13 14:54:11,895 | INFO | Mistral Answer:  Angela Merkel and Nkosazana Dlamini-Zuma were urged to meet before the main UN summit in September 2015. The exact dates are not mentioned in the context.
2026-06-13 14:54:30,117 | INFO | Pisco Answer:  The document does not provide information on the exact dates of the meetings between Beyoncé and Angela Merkel and Nkosazana Dlamini-Zuma mentioned in Document 1.
2026-06-13 14:54:30,117 | INFO | -------------------------------
2026-06-13 14:54:30,117 | INFO | Mapped Question:  When will they meet?
2026-06-13 14:54:30,117 | INFO | Mapped Context:  In 2015 Amara Voss signed an open letter which the Unity Campaign had been collecting signatures for; the letter was addressed to Helena Bauer and Naledi Kamara, urging them to focus on women as they serve as the head of the G7 in Eisenland and the Union of Arelia in Samuel Mertens respectively, which will start to set the priorities in development funding before a main World Assembly summit in September 2015 that will establish new development goals for the generation.
2026-06-13 14:54:30,117 | INFO | Mapped Answer:  September 2015
2026-06-13 14:54:36,875 | INFO | Mapped Mistral Answer:  The context does not provide information on when Helena Bauer and Naledi Kamara will meet.
2026-06-13 14:55:04,751 | INFO | Mapped Pisco Answer:  The document does not provide information on when Helena Bauer and Naledi Kamela will meet specifically. However, it mentions that they will meet in the context of the G7 and Union of Arelia, which is expected to set priorities in development funding before a major World Summit in September 2015.
2026-06-13 14:55:04,752 | INFO | ===============================
2026-06-13 14:55:04,752 | INFO | Example 54:
2026-06-13 14:55:04,752 | INFO | Question:  Who did Beyoncé sign a letter for in 2015?
2026-06-13 14:55:04,752 | INFO | Context:  In 2015 Beyoncé signed an open letter which the ONE Campaign had been collecting signatures for; the letter was addressed to Angela Merkel and Nkosazana Dlamini-Zuma, urging them to focus on women as they serve as the head of the G7 in Germany and the AU in South Africa respectively, which will start to set the priorities in development funding before a main UN summit in September 2015 that will establish new development goals for the generation.
2026-06-13 14:55:04,753 | INFO | Answer:  the ONE Campaign
2026-06-13 14:55:15,043 | INFO | Mistral Answer:  Beyoncé signed a letter for the ONE Campaign, which was addressed to Angela Merkel and Nkosazana Dlamini-Zuma.
2026-06-13 14:55:52,240 | INFO | Pisco Answer:  Beyoncé signed a letter for Angela Merkel and Nkosazana Dlamini-Zuma in 2015. The letter was part of an open letter campaign by the ONE Campaign urging them to focus on women as they were serving as the head of the G7 in Germany and the AU in South Africa, respectively, and would set priorities in development funding before the main UN summit in September 2015.
2026-06-13 14:55:52,240 | INFO | -------------------------------
2026-06-13 14:55:52,240 | INFO | Mapped Question:  Who did Amara Voss sign a letter for in 2015?
2026-06-13 14:55:52,240 | INFO | Mapped Context:  In 2015 Amara Voss signed an open letter which the Unity Campaign had been collecting signatures for; the letter was addressed to Helena Bauer and Naledi Kamara, urging them to focus on women as they serve as the head of the G7 in Eisenland and the Union of Arelia in Samuel Mertens respectively, which will start to set the priorities in development funding before a main World Assembly summit in September 2015 that will establish new development goals for the generation.
2026-06-13 14:55:52,240 | INFO | Mapped Answer:  the Unity Campaign
2026-06-13 14:56:01,907 | INFO | Mapped Mistral Answer:  Amara Voss signed a letter for Helena Bauer and Naledi Kamara in 2015.
2026-06-13 14:56:14,752 | INFO | Mapped Pisco Answer:  Amara Voss signed a letter for Helena Bauer and Naledi Kamela in 2015.
2026-06-13 14:56:14,752 | INFO | ===============================
2026-06-13 14:56:14,754 | INFO | Example 55:
2026-06-13 14:56:14,754 | INFO | Question:  Who was the letter addressed to?
2026-06-13 14:56:14,754 | INFO | Context:  In 2015 Beyoncé signed an open letter which the ONE Campaign had been collecting signatures for; the letter was addressed to Angela Merkel and Nkosazana Dlamini-Zuma, urging them to focus on women as they serve as the head of the G7 in Germany and the AU in South Africa respectively, which will start to set the priorities in development funding before a main UN summit in September 2015 that will establish new development goals for the generation.
2026-06-13 14:56:14,754 | INFO | Answer:  Angela Merkel and Nkosazana Dlamini-Zuma
2026-06-13 14:56:21,059 | INFO | Mistral Answer:  The letter was addressed to Angela Merkel and Nkosazana Dlamini-Zuma.
2026-06-13 14:56:33,430 | INFO | Pisco Answer:  The letter was addressed to Angela Merkel and Nkosazana Dlamini-Zuma.
2026-06-13 14:56:33,431 | INFO | -------------------------------
2026-06-13 14:56:33,431 | INFO | Mapped Question:  Who was the letter addressed to?
2026-06-13 14:56:33,431 | INFO | Mapped Context:  In 2015 Amara Voss signed an open letter which the Unity Campaign had been collecting signatures for; the letter was addressed to Helena Bauer and Naledi Kamara, urging them to focus on women as they serve as the head of the G7 in Eisenland and the Union of Arelia in Samuel Mertens respectively, which will start to set the priorities in development funding before a main World Assembly summit in September 2015 that will establish new development goals for the generation.
2026-06-13 14:56:33,431 | INFO | Mapped Answer:  Helena Bauer and Naledi Kamara
2026-06-13 14:56:40,642 | INFO | Mapped Mistral Answer:  The letter was addressed to Helena Bauer and Naledi Kamara.
2026-06-13 14:56:50,803 | INFO | Mapped Pisco Answer:  The letter was addressed to Helena Bauer and Naledi Kamela.
2026-06-13 14:56:50,804 | INFO | ===============================
2026-06-13 14:56:50,805 | INFO | Example 56:
2026-06-13 14:56:50,805 | INFO | Question:  What was Angela Merkel serving as in relation to the letter?
2026-06-13 14:56:50,805 | INFO | Context:  In 2015 Beyoncé signed an open letter which the ONE Campaign had been collecting signatures for; the letter was addressed to Angela Merkel and Nkosazana Dlamini-Zuma, urging them to focus on women as they serve as the head of the G7 in Germany and the AU in South Africa respectively, which will start to set the priorities in development funding before a main UN summit in September 2015 that will establish new development goals for the generation.
2026-06-13 14:56:50,805 | INFO | Answer:  the head of the G7 in Germany
2026-06-13 14:56:59,295 | INFO | Mistral Answer:  Angela Merkel was being served as the head of the G7 in Germany when the letter was addressed to her.
2026-06-13 14:57:14,617 | INFO | Pisco Answer:  Angela Merkel was serving as the President of Germany when she was addressed in the open letter signed by Beyoncé in 2015.
2026-06-13 14:57:14,617 | INFO | -------------------------------
2026-06-13 14:57:14,617 | INFO | Mapped Question:  What was Helena Bauer serving as in relation to the letter?
2026-06-13 14:57:14,617 | INFO | Mapped Context:  In 2015 Amara Voss signed an open letter which the Unity Campaign had been collecting signatures for; the letter was addressed to Helena Bauer and Naledi Kamara, urging them to focus on women as they serve as the head of the G7 in Eisenland and the Union of Arelia in Samuel Mertens respectively, which will start to set the priorities in development funding before a main World Assembly summit in September 2015 that will establish new development goals for the generation.
2026-06-13 14:57:14,617 | INFO | Mapped Answer:  the head of the G7 in Eisenland
2026-06-13 14:57:24,139 | INFO | Mapped Mistral Answer:  Helena Bauer was being served as the head of the G7 in Eisenland, as mentioned in the context of the question.
2026-06-13 14:57:47,809 | INFO | Mapped Pisco Answer:  Helena Bauer was being addressed in the letter along with Helena Namaura, and they were being urged to focus on setting priorities in development funding for the G7 and the Union of Arelia respectively, before the main World Summit in September 2015.
2026-06-13 14:57:47,809 | INFO | ===============================
2026-06-13 14:57:47,810 | INFO | Example 57:
2026-06-13 14:57:47,810 | INFO | Question:  What did the letter want the two recipients to focus on?
2026-06-13 14:57:47,810 | INFO | Context:  In 2015 Beyoncé signed an open letter which the ONE Campaign had been collecting signatures for; the letter was addressed to Angela Merkel and Nkosazana Dlamini-Zuma, urging them to focus on women as they serve as the head of the G7 in Germany and the AU in South Africa respectively, which will start to set the priorities in development funding before a main UN summit in September 2015 that will establish new development goals for the generation.
2026-06-13 14:57:47,810 | INFO | Answer:  women
2026-06-13 14:58:05,344 | INFO | Mistral Answer:  The letter urged Angela Merkel and Nkosazana Dlamini-Zuma to focus on women in their respective roles as the head of the G7 in Germany and the AU in South Africa, setting priorities in development funding before the main UN summit in September 2015 that would establish new development goals.
2026-06-13 14:58:35,803 | INFO | Pisco Answer:  The letter urged Angela Merkel and Nkosazana Dlamini-Zuma to focus on women as they were set to serve as the head of the G7 in Germany and the AU in South Africa respectively, prioritizing development funding in areas that will set the main priorities for UN development goals in September 2015.
2026-06-13 14:58:35,803 | INFO | -------------------------------
2026-06-13 14:58:35,803 | INFO | Mapped Question:  What did the letter want the two recipients to focus on?
2026-06-13 14:58:35,803 | INFO | Mapped Context:  In 2015 Amara Voss signed an open letter which the Unity Campaign had been collecting signatures for; the letter was addressed to Helena Bauer and Naledi Kamara, urging them to focus on women as they serve as the head of the G7 in Eisenland and the Union of Arelia in Samuel Mertens respectively, which will start to set the priorities in development funding before a main World Assembly summit in September 2015 that will establish new development goals for the generation.
2026-06-13 14:58:35,803 | INFO | Mapped Answer:  women
2026-06-13 14:58:55,949 | INFO | Mapped Mistral Answer:  The letter urged Helena Bauer and Naledi Kamara to focus on women as they served as the head of the G7 in Eisenland and the Union of Arelia in Samuel Mertens respectively, setting priorities in development funding before the main World Assembly summit in September 2015 that would establish new development goals for the generation.
2026-06-13 14:59:19,420 | INFO | Mapped Pisco Answer:  The letter urged Helena Bauer and Naledi Kamela, as the heads of the G7 and Eisenland in the Union of Arelia respectively, to focus on setting priorities in development funding before the main World Summit in September 2015.
2026-06-13 14:59:19,420 | INFO | ===============================
2026-06-13 14:59:19,421 | INFO | Example 58:
2026-06-13 14:59:19,421 | INFO | Question:  Beyonce along with Jay Z met with whom's family after their death?
2026-06-13 14:59:19,421 | INFO | Context:  Following the death of Freddie Gray, Beyoncé and Jay-Z, among other notable figures, met with his family. After the imprisonment of protesters of Gray's death, Beyoncé and Jay-Z donated thousands of dollars to bail them out.
2026-06-13 14:59:19,421 | INFO | Answer:  Freddie Gray
2026-06-13 14:59:26,234 | INFO | Mistral Answer:  Beyoncé and Jay-Z met with the family of Freddie Gray following his death. (Answer based on context)
2026-06-13 14:59:37,739 | INFO | Pisco Answer:  The family of Freddie Gray was met with Beyoncé and Jay-Z after his death.
2026-06-13 14:59:37,739 | INFO | -------------------------------
2026-06-13 14:59:37,739 | INFO | Mapped Question:  Amara Voss along with Alina Grunwald 2 met with whom's family after their death?
2026-06-13 14:59:37,739 | INFO | Mapped Context:  Following the death of Marcus Hale, Amara Voss and Jace-Z, among other notable figures, met with his family. After the imprisonment of protesters of Voss 2's death, Amara Voss and Jace-Z donated thousands of dollars to bail them out.
2026-06-13 14:59:37,739 | INFO | Mapped Answer:  Marcus Hale
2026-06-13 14:59:42,371 | INFO | Mapped Mistral Answer:  Marcus Hale's family. (Based on the provided context.)
2026-06-13 15:00:03,096 | INFO | Mapped Pisco Answer:  The document does not provide information on who Alina Grunwald's family is. However, it mentions that Amara Voss met with the families of protesters who were imprisoned after the death of Marcus Hale.
2026-06-13 15:00:03,096 | INFO | ===============================
2026-06-13 15:00:03,097 | INFO | Example 59:
2026-06-13 15:00:03,097 | INFO | Question:  Beyonce with Jay Z gave lots of money to bail who out of prison?
2026-06-13 15:00:03,097 | INFO | Context:  Following the death of Freddie Gray, Beyoncé and Jay-Z, among other notable figures, met with his family. After the imprisonment of protesters of Gray's death, Beyoncé and Jay-Z donated thousands of dollars to bail them out.
2026-06-13 15:00:03,097 | INFO | Answer:  protesters
2026-06-13 15:00:11,656 | INFO | Mistral Answer:  The context indicates that Beyoncé and Jay-Z donated thousands of dollars to bail out protesters of Freddie Gray's death who had been imprisoned.
2026-06-13 15:00:26,927 | INFO | Pisco Answer:  Beyoncé and Jay-Z donated thousands of dollars to bail out protesters who were imprisoned after the death of Freddie Gray.
2026-06-13 15:00:26,928 | INFO | -------------------------------
2026-06-13 15:00:26,928 | INFO | Mapped Question:  Amara Voss with Alina Grunwald 2 gave lots of money to bail who out of prison?
2026-06-13 15:00:26,928 | INFO | Mapped Context:  Following the death of Marcus Hale, Amara Voss and Jace-Z, among other notable figures, met with his family. After the imprisonment of protesters of Voss 2's death, Amara Voss and Jace-Z donated thousands of dollars to bail them out.
2026-06-13 15:00:26,928 | INFO | Mapped Answer:  protesters
2026-06-13 15:00:43,735 | INFO | Mapped Mistral Answer:  I don't know based on the provided context if Amara Voss gave money to bail out Alina Grunwald 2. The context only mentions that Amara Voss and Jace-Z donated money to bail out protesters, but it does not specify which individuals were bailed out.
2026-06-13 15:01:04,403 | INFO | Mapped Pisco Answer:  Amara Voss and Jace-Z, along with Alina Grunwald 2, donated thousands of dollars to bail protesters out of prison. The specific individuals bailed out are not mentioned in the provided document.
2026-06-13 15:01:04,403 | INFO | ===============================
2026-06-13 15:01:04,404 | INFO | Example 60:
2026-06-13 15:01:04,404 | INFO | Question:  Who's death caused this protest?
2026-06-13 15:01:04,404 | INFO | Context:  Following the death of Freddie Gray, Beyoncé and Jay-Z, among other notable figures, met with his family. After the imprisonment of protesters of Gray's death, Beyoncé and Jay-Z donated thousands of dollars to bail them out.
2026-06-13 15:01:04,404 | INFO | Answer:  Freddie Gray
2026-06-13 15:01:07,953 | INFO | Mistral Answer:  Freddie Gray's death caused the protests.
2026-06-13 15:01:15,748 | INFO | Pisco Answer:  Freddie Gray's death caused the protests.
2026-06-13 15:01:15,748 | INFO | -------------------------------
2026-06-13 15:01:15,748 | INFO | Mapped Question:  Who's death caused this protest?
2026-06-13 15:01:15,748 | INFO | Mapped Context:  Following the death of Marcus Hale, Amara Voss and Jace-Z, among other notable figures, met with his family. After the imprisonment of protesters of Voss 2's death, Amara Voss and Jace-Z donated thousands of dollars to bail them out.
2026-06-13 15:01:15,748 | INFO | Mapped Answer:  Marcus Hale
2026-06-13 15:01:19,695 | INFO | Mapped Mistral Answer:  Marcus Hale's death caused the protest.
2026-06-13 15:01:41,403 | INFO | Mapped Pisco Answer:  The document does not provide information on whose death specifically caused the protest mentioned in Document 1. The text only states that Amara Voss and Jace-Z donated bail money to protesters following the death of Marcus Hale.
2026-06-13 15:01:41,404 | INFO | ===============================
2026-06-13 15:01:41,404 | INFO | Example 61:
2026-06-13 15:01:41,404 | INFO | Question:  How much bail money did they spend?
2026-06-13 15:01:41,404 | INFO | Context:  Following the death of Freddie Gray, Beyoncé and Jay-Z, among other notable figures, met with his family. After the imprisonment of protesters of Gray's death, Beyoncé and Jay-Z donated thousands of dollars to bail them out.
2026-06-13 15:01:41,404 | INFO | Answer:  thousands of dollars
2026-06-13 15:01:50,028 | INFO | Mistral Answer:  The context does not specify an exact amount of bail money donated by Beyoncé and Jay-Z. Therefore, I don't know based on the provided context.
2026-06-13 15:02:09,610 | INFO | Pisco Answer:  The documents do not provide an exact amount for the bail money spent by Beyoncé and Jay-Z. However, they donated thousands of dollars to bail out protesters of Freddie Gray.
2026-06-13 15:02:09,610 | INFO | -------------------------------
2026-06-13 15:02:09,610 | INFO | Mapped Question:  How much bail money did they spend?
2026-06-13 15:02:09,610 | INFO | Mapped Context:  Following the death of Marcus Hale, Amara Voss and Jace-Z, among other notable figures, met with his family. After the imprisonment of protesters of Voss 2's death, Amara Voss and Jace-Z donated thousands of dollars to bail them out.
2026-06-13 15:02:09,610 | INFO | Mapped Answer:  thousands of dollars
2026-06-13 15:02:16,184 | INFO | Mapped Mistral Answer:  They donated thousands of dollars for bail money based on the context provided. The exact amount is not mentioned.
2026-06-13 15:02:25,508 | INFO | Mapped Pisco Answer:  They spent thousands of dollars on bail. (Document 1)
2026-06-13 15:02:25,508 | INFO | ===============================
2026-06-13 15:02:25,544 | INFO | Example 62:
2026-06-13 15:02:25,544 | INFO | Question:  Beyonce has a fan base that is referred to as what?
2026-06-13 15:02:25,544 | INFO | Context:  The Bey Hive is the name given to Beyoncé's fan base. Fans were previously titled "The Beyontourage", (a portmanteau of Beyoncé and entourage). The name Bey Hive derives from the word beehive, purposely misspelled to resemble her first name, and was penned by fans after petitions on the online social networking service Twitter and online news reports during competitions.
2026-06-13 15:02:25,544 | INFO | Answer:  The Bey Hive
2026-06-13 15:02:28,192 | INFO | Mistral Answer:  The Bey Hive
2026-06-13 15:02:37,508 | INFO | Pisco Answer:  Beyoncé's fan base is referred to as The Beyhive.
2026-06-13 15:02:37,508 | INFO | -------------------------------
2026-06-13 15:02:37,508 | INFO | Mapped Question:  Amara Voss has a fan base that is referred to as what?
2026-06-13 15:02:37,508 | INFO | Mapped Context:  The Amara Hive is the name given to Amara Voss's fan base. Fans were previously titled "The Amaratourage", (a portmanteau of Amara Voss and entourage). The name Amara Hive derives from the word beehive, purposely misspelled to resemble her first name, and was penned by fans after petitions on the online social networking service Chirper and online news reports during competitions.
2026-06-13 15:02:37,508 | INFO | Mapped Answer:  The Amara Hive
2026-06-13 15:02:44,446 | INFO | Mapped Mistral Answer:  The Amara Voss fan base is referred to as the Amara Hive.
2026-06-13 15:02:54,850 | INFO | Mapped Pisco Answer:  The fan base of Amara Voss is referred to as The Amara Hive.
2026-06-13 15:02:54,851 | INFO | ===============================
2026-06-13 15:02:54,851 | INFO | Example 63:
2026-06-13 15:02:54,851 | INFO | Question:  Before the Bey Hive, fans of Beyonce were called what?
2026-06-13 15:02:54,851 | INFO | Context:  The Bey Hive is the name given to Beyoncé's fan base. Fans were previously titled "The Beyontourage", (a portmanteau of Beyoncé and entourage). The name Bey Hive derives from the word beehive, purposely misspelled to resemble her first name, and was penned by fans after petitions on the online social networking service Twitter and online news reports during competitions.
2026-06-13 15:02:54,851 | INFO | Answer:  The Beyontourage
2026-06-13 15:03:04,058 | INFO | Mistral Answer:  The Bey Hive was not the original name for Beyoncé's fan base. Before the Bey Hive, fans were called "The Beyontourage."
2026-06-13 15:03:13,457 | INFO | Pisco Answer:  The fans of Beyoncé were previously called "The Beyontourage."
2026-06-13 15:03:13,457 | INFO | -------------------------------
2026-06-13 15:03:13,457 | INFO | Mapped Question:  Before the Amara Hive, fans of Amara Voss were called what?
2026-06-13 15:03:13,457 | INFO | Mapped Context:  The Amara Hive is the name given to Amara Voss's fan base. Fans were previously titled "The Amaratourage", (a portmanteau of Amara Voss and entourage). The name Amara Hive derives from the word beehive, purposely misspelled to resemble her first name, and was penned by fans after petitions on the online social networking service Chirper and online news reports during competitions.
2026-06-13 15:03:13,457 | INFO | Mapped Answer:  The Amaratourage
2026-06-13 15:03:24,480 | INFO | Mapped Mistral Answer:  The Amara Hive was not always the name of Amara Voss's fan base. Before this name, they were called "The Amaratourage."
2026-06-13 15:03:36,677 | INFO | Mapped Pisco Answer:  Before the Amara Hive, fans of Amara Voss were called "The Amaratourage."
2026-06-13 15:03:36,677 | INFO | ===============================
2026-06-13 15:03:36,678 | INFO | Example 64:
2026-06-13 15:03:36,678 | INFO | Question:  Which social media company proclaimed Beyonce fans are know as the Bey Hive?
2026-06-13 15:03:36,678 | INFO | Context:  The Bey Hive is the name given to Beyoncé's fan base. Fans were previously titled "The Beyontourage", (a portmanteau of Beyoncé and entourage). The name Bey Hive derives from the word beehive, purposely misspelled to resemble her first name, and was penned by fans after petitions on the online social networking service Twitter and online news reports during competitions.
2026-06-13 15:03:36,678 | INFO | Answer:  Twitter
2026-06-13 15:03:45,392 | INFO | Mistral Answer:  Twitter, based on the context provided. The context mentions that the name Bey Hive became popular on Twitter through fan petitions and online news reports.
2026-06-13 15:04:01,172 | INFO | Pisco Answer:  Twitter

Explanation:
The term "Bey Hive" was first used on Twitter during online social networking services and competitions on the platform.
2026-06-13 15:04:01,172 | INFO | -------------------------------
2026-06-13 15:04:01,173 | INFO | Mapped Question:  Which social media company proclaimed Amara Voss fans are know as the Amara Hive?
2026-06-13 15:04:01,173 | INFO | Mapped Context:  The Amara Hive is the name given to Amara Voss's fan base. Fans were previously titled "The Amaratourage", (a portmanteau of Amara Voss and entourage). The name Amara Hive derives from the word beehive, purposely misspelled to resemble her first name, and was penned by fans after petitions on the online social networking service Chirper and online news reports during competitions.
2026-06-13 15:04:01,173 | INFO | Mapped Answer:  Chirper
2026-06-13 15:04:22,520 | INFO | Mapped Mistral Answer:  Chirper

Explanation:
The context states that the name "Amara Hive" was popularized on the online social networking service Chirper through petitions and online news reports during competitions. Therefore, Chirper is the social media company where Amara Voss's fans were proclaimed to be known as the Amara Hive based on the provided context.
2026-06-13 15:04:39,950 | INFO | Mapped Pisco Answer:  Twitter

Explanation:
The term "Amara Hive" was first used on Twitter by fans of Amara Voss during online competitions and social networking services.
2026-06-13 15:04:39,950 | INFO | ===============================
2026-06-13 15:04:39,951 | INFO | Example 65:
2026-06-13 15:04:39,951 | INFO | Question:  What is Beyonce's fan base called?
2026-06-13 15:04:39,951 | INFO | Context:  The Bey Hive is the name given to Beyoncé's fan base. Fans were previously titled "The Beyontourage", (a portmanteau of Beyoncé and entourage). The name Bey Hive derives from the word beehive, purposely misspelled to resemble her first name, and was penned by fans after petitions on the online social networking service Twitter and online news reports during competitions.
2026-06-13 15:04:39,951 | INFO | Answer:  Bey Hive
2026-06-13 15:04:52,180 | INFO | Mistral Answer:  The Bey Hive

[Explanation: The context states that the name Bey Hive was penned by fans and derives from the word beehive. Therefore, the answer is the Bey Hive. ]
2026-06-13 15:05:01,337 | INFO | Pisco Answer:  The fan base of Beyoncé is called The Beyhive.
2026-06-13 15:05:01,338 | INFO | -------------------------------
2026-06-13 15:05:01,338 | INFO | Mapped Question:  What is Amara Voss's fan base called?
2026-06-13 15:05:01,338 | INFO | Mapped Context:  The Amara Hive is the name given to Amara Voss's fan base. Fans were previously titled "The Amaratourage", (a portmanteau of Amara Voss and entourage). The name Amara Hive derives from the word beehive, purposely misspelled to resemble her first name, and was penned by fans after petitions on the online social networking service Chirper and online news reports during competitions.
2026-06-13 15:05:01,338 | INFO | Mapped Answer:  Amara Hive
2026-06-13 15:05:07,004 | INFO | Mapped Mistral Answer:  Amara Voss's fan base is called the Amara Hive.
2026-06-13 15:05:38,017 | INFO | Mapped Pisco Answer:  The Amara Voss fan base is called The Amara Hive. It is named after Amara Voss and is a playful reinterpretation of the word "hive," inspired by beehives. The name was coined by fans on social media platforms such as Chirp and online news services during competitions and reports on social networking.
2026-06-13 15:05:38,017 | INFO | ===============================
2026-06-13 15:05:38,018 | INFO | Example 66:
2026-06-13 15:05:38,018 | INFO | Question:  What did the fans used to be called?
2026-06-13 15:05:38,018 | INFO | Context:  The Bey Hive is the name given to Beyoncé's fan base. Fans were previously titled "The Beyontourage", (a portmanteau of Beyoncé and entourage). The name Bey Hive derives from the word beehive, purposely misspelled to resemble her first name, and was penned by fans after petitions on the online social networking service Twitter and online news reports during competitions.
2026-06-13 15:05:38,018 | INFO | Answer:  Beyontourage
2026-06-13 15:05:42,458 | INFO | Mistral Answer:  The fans were previously called "The Beyontourage."
2026-06-13 15:05:51,654 | INFO | Pisco Answer:  The fans were previously called "The Beyontourage."
2026-06-13 15:05:51,654 | INFO | -------------------------------
2026-06-13 15:05:51,654 | INFO | Mapped Question:  What did the fans used to be called?
2026-06-13 15:05:51,654 | INFO | Mapped Context:  The Amara Hive is the name given to Amara Voss's fan base. Fans were previously titled "The Amaratourage", (a portmanteau of Amara Voss and entourage). The name Amara Hive derives from the word beehive, purposely misspelled to resemble her first name, and was penned by fans after petitions on the online social networking service Chirper and online news reports during competitions.
2026-06-13 15:05:51,654 | INFO | Mapped Answer:  Amaratourage
2026-06-13 15:05:56,432 | INFO | Mapped Mistral Answer:  The fans were previously called "The Amaratourage."
2026-06-13 15:06:05,706 | INFO | Mapped Pisco Answer:  The fans were previously called "The Amaratourage."
2026-06-13 15:06:05,707 | INFO | ===============================
2026-06-13 15:06:05,708 | INFO | Example 67:
2026-06-13 15:06:05,708 | INFO | Question:  What is the latest term used to describe Beyoncé fans?
2026-06-13 15:06:05,708 | INFO | Context:  The Bey Hive is the name given to Beyoncé's fan base. Fans were previously titled "The Beyontourage", (a portmanteau of Beyoncé and entourage). The name Bey Hive derives from the word beehive, purposely misspelled to resemble her first name, and was penned by fans after petitions on the online social networking service Twitter and online news reports during competitions.
2026-06-13 15:06:05,708 | INFO | Answer:  Bey Hive
2026-06-13 15:06:11,164 | INFO | Mistral Answer:  The latest term used to describe Beyoncé fans is "Bey Hive."
2026-06-13 15:06:42,707 | INFO | Pisco Answer:  The latest term used to describe Beyoncé fans is "The Beyhive." This name was adopted by fans after a petition on social media and online news reports during the 2011 MTV Video Music Awards. The name is a play on the word "beehive," misspelled to resemble Beyoncé's first name.
2026-06-13 15:06:42,708 | INFO | -------------------------------
2026-06-13 15:06:42,708 | INFO | Mapped Question:  What is the latest term used to describe Amara Voss fans?
2026-06-13 15:06:42,708 | INFO | Mapped Context:  The Amara Hive is the name given to Amara Voss's fan base. Fans were previously titled "The Amaratourage", (a portmanteau of Amara Voss and entourage). The name Amara Hive derives from the word beehive, purposely misspelled to resemble her first name, and was penned by fans after petitions on the online social networking service Chirper and online news reports during competitions.
2026-06-13 15:06:42,708 | INFO | Mapped Answer:  Amara Hive
2026-06-13 15:06:50,331 | INFO | Mapped Mistral Answer:  The latest term used to describe Amara Voss's fans is "Amara Hive."
2026-06-13 15:07:18,502 | INFO | Mapped Pisco Answer:  The latest term used to describe Amara Voss fans is "The Amara Hive." This name is a play on the word "beehive," which is spelled purposely misspelled to resemble first name "Amara." It was coined by fans on social media platforms and during online competitions.
2026-06-13 15:07:18,502 | INFO | ===============================
2026-06-13 15:07:18,503 | INFO | Example 68:
2026-06-13 15:07:18,503 | INFO | Question:  What was the former word given to Beyoncé fans?
2026-06-13 15:07:18,503 | INFO | Context:  The Bey Hive is the name given to Beyoncé's fan base. Fans were previously titled "The Beyontourage", (a portmanteau of Beyoncé and entourage). The name Bey Hive derives from the word beehive, purposely misspelled to resemble her first name, and was penned by fans after petitions on the online social networking service Twitter and online news reports during competitions.
2026-06-13 15:07:18,503 | INFO | Answer:  Beyontourage
2026-06-13 15:07:24,027 | INFO | Mistral Answer:  The former word given to Beyoncé fans was "The Beyontourage".
2026-06-13 15:07:34,601 | INFO | Pisco Answer:  The former word given to Beyoncé fans was "The Beyontourage."
2026-06-13 15:07:34,601 | INFO | -------------------------------
2026-06-13 15:07:34,601 | INFO | Mapped Question:  What was the former word given to Amara Voss fans?
2026-06-13 15:07:34,601 | INFO | Mapped Context:  The Amara Hive is the name given to Amara Voss's fan base. Fans were previously titled "The Amaratourage", (a portmanteau of Amara Voss and entourage). The name Amara Hive derives from the word beehive, purposely misspelled to resemble her first name, and was penned by fans after petitions on the online social networking service Chirper and online news reports during competitions.
2026-06-13 15:07:34,601 | INFO | Mapped Answer:  Amaratourage
2026-06-13 15:07:42,911 | INFO | Mapped Mistral Answer:  The former word given to Amara Voss's fans was "The Amaratourage".
2026-06-13 15:07:53,527 | INFO | Mapped Pisco Answer:  The former term given to Amara Voss fans was "The Amaratourage."
2026-06-13 15:07:53,527 | INFO | ===============================
2026-06-13 15:07:53,528 | INFO | Example 69:
2026-06-13 15:07:53,528 | INFO | Question:  What word does "Bey Hive" derive from?
2026-06-13 15:07:53,528 | INFO | Context:  The Bey Hive is the name given to Beyoncé's fan base. Fans were previously titled "The Beyontourage", (a portmanteau of Beyoncé and entourage). The name Bey Hive derives from the word beehive, purposely misspelled to resemble her first name, and was penned by fans after petitions on the online social networking service Twitter and online news reports during competitions.
2026-06-13 15:07:53,528 | INFO | Answer:  beehive
2026-06-13 15:07:59,223 | INFO | Mistral Answer:  The word "Bey Hive" derives from the word "beehive."
2026-06-13 15:08:25,688 | INFO | Pisco Answer:  The word "Bey Hive" derives from the name of the pop singer Beyoncé, with the first letter "B" rearranged to form the word "Bey" and the addition of the word "hive," which is a metaphor for a fan base.
2026-06-13 15:08:25,688 | INFO | -------------------------------
2026-06-13 15:08:25,688 | INFO | Mapped Question:  What word does "Amara Hive" derive from?
2026-06-13 15:08:25,688 | INFO | Mapped Context:  The Amara Hive is the name given to Amara Voss's fan base. Fans were previously titled "The Amaratourage", (a portmanteau of Amara Voss and entourage). The name Amara Hive derives from the word beehive, purposely misspelled to resemble her first name, and was penned by fans after petitions on the online social networking service Chirper and online news reports during competitions.
2026-06-13 15:08:25,689 | INFO | Mapped Answer:  beehive
2026-06-13 15:08:44,059 | INFO | Mapped Mistral Answer:  The word "Amara" in "Amara Hive" comes from the name of the celebrity, Amara Voss. The second part of the name, "Hive," derives from the word "beehive," which is a purposely misspelled reference to the structure of a beehive community.
2026-06-13 15:09:29,865 | INFO | Mapped Pisco Answer:  The word "Hive" in "Amara Hive" is derived from the beehive metaphor, which is a common term used to describe a large group of people who are closely associated with a particular person or cause. In this context, it refers to the fan base of Amara Vos Vanderbilt. The name "Amara Hive" is a playful reinterpretation of the word "hive," which is spelled as "beehive" in the name of Amara Vos Vanderbilt's fan base.
2026-06-13 15:09:29,865 | INFO | ===============================
2026-06-13 15:09:29,866 | INFO | Example 70:
2026-06-13 15:09:29,867 | INFO | Question:  Beyonce has a clothing line known as what?
2026-06-13 15:09:29,867 | INFO | Context:  In 2006, the animal rights organization People for the Ethical Treatment of Animals (PETA), criticized Beyoncé for wearing and using fur in her clothing line House of Deréon. In 2011, she appeared on the cover of French fashion magazine L'Officiel, in blackface and tribal makeup that drew criticism from the media. A statement released from a spokesperson for the magazine said that Beyoncé's look was "far from the glamorous Sasha Fierce" and that it was "a return to her African roots".
2026-06-13 15:09:29,867 | INFO | Answer:  House of Deréon
2026-06-13 15:09:34,844 | INFO | Mistral Answer:  House of Deréon
2026-06-13 15:09:50,642 | INFO | Pisco Answer:  House of Deréon

Explanation:
The document provides information that Beyoncé has a clothing line named House of Deréon.
2026-06-13 15:09:50,642 | INFO | -------------------------------
2026-06-13 15:09:50,643 | INFO | Mapped Question:  Amara Voss has a clothing line known as what?
2026-06-13 15:09:50,643 | INFO | Mapped Context:  In 2006, the animal rights organization People for the Levin Beaumont 2), criticized Amara Voss for wearing and using fur in her clothing line Maison de Virelle. In 2011, she appeared on the cover of French fashion magazine Le Mode, in blackface and tribal makeup that drew criticism from the media. A statement released from a spokesperson for the magazine said that Amara Voss's look was "far from the glamorous Serena Bold" and that it was "a return to her African roots".
2026-06-13 15:09:50,643 | INFO | Mapped Answer:  Maison de Virelle
2026-06-13 15:09:54,991 | INFO | Mapped Mistral Answer:  Maison de Virelle
2026-06-13 15:10:00,880 | INFO | Mapped Pisco Answer:  Maison de Ville
2026-06-13 15:10:00,880 | INFO | ===============================
2026-06-13 15:10:00,881 | INFO | Example 71:
2026-06-13 15:10:00,881 | INFO | Question:  Which French magazine did Beyonce show up on the cover of?
2026-06-13 15:10:00,881 | INFO | Context:  In 2006, the animal rights organization People for the Ethical Treatment of Animals (PETA), criticized Beyoncé for wearing and using fur in her clothing line House of Deréon. In 2011, she appeared on the cover of French fashion magazine L'Officiel, in blackface and tribal makeup that drew criticism from the media. A statement released from a spokesperson for the magazine said that Beyoncé's look was "far from the glamorous Sasha Fierce" and that it was "a return to her African roots".
2026-06-13 15:10:00,881 | INFO | Answer:  L'Officiel
2026-06-13 15:10:09,492 | INFO | Mistral Answer:  L'Officiel

[I was able to answer the question based on the provided context.]
2026-06-13 15:10:27,269 | INFO | Pisco Answer:  L'Officiel (Document 1)

Explanation:
The document mentions that Beyoncé appeared on the cover of L'Officiel magazine.
2026-06-13 15:10:27,270 | INFO | -------------------------------
2026-06-13 15:10:27,270 | INFO | Mapped Question:  Which French magazine did Amara Voss show up on the cover of?
2026-06-13 15:10:27,270 | INFO | Mapped Context:  In 2006, the animal rights organization People for the Levin Beaumont 2), criticized Amara Voss for wearing and using fur in her clothing line Maison de Virelle. In 2011, she appeared on the cover of French fashion magazine Le Mode, in blackface and tribal makeup that drew criticism from the media. A statement released from a spokesperson for the magazine said that Amara Voss's look was "far from the glamorous Serena Bold" and that it was "a return to her African roots".
2026-06-13 15:10:27,270 | INFO | Mapped Answer:  Le Mode
2026-06-13 15:10:37,191 | INFO | Mapped Mistral Answer:  Le Mode

[Explanation: The context clearly states that Amara Voss appeared on the cover of French fashion magazine Le Mode.]
2026-06-13 15:10:48,568 | INFO | Mapped Pisco Answer:  The French magazine that Amara Voss appeared on the cover of is "Le Journal du Dimanche".
2026-06-13 15:10:48,568 | INFO | ===============================
2026-06-13 15:10:48,569 | INFO | Example 72:
2026-06-13 15:10:48,569 | INFO | Question:  Beyonce was seen wearing what on the french magazine that caused controversy?
2026-06-13 15:10:48,569 | INFO | Context:  In 2006, the animal rights organization People for the Ethical Treatment of Animals (PETA), criticized Beyoncé for wearing and using fur in her clothing line House of Deréon. In 2011, she appeared on the cover of French fashion magazine L'Officiel, in blackface and tribal makeup that drew criticism from the media. A statement released from a spokesperson for the magazine said that Beyoncé's look was "far from the glamorous Sasha Fierce" and that it was "a return to her African roots".
2026-06-13 15:10:48,569 | INFO | Answer:  blackface and tribal makeup
2026-06-13 15:10:58,586 | INFO | Mistral Answer:  Beyoncé was seen wearing blackface and tribal makeup on the French magazine L'Officiel that caused controversy.
2026-06-13 15:11:13,974 | INFO | Pisco Answer:  Beyoncé was seen wearing blackface makeup on the cover of French magazine L'Officiel in 2011 that caused controversy.
2026-06-13 15:11:13,974 | INFO | -------------------------------
2026-06-13 15:11:13,974 | INFO | Mapped Question:  Amara Voss was seen wearing what on the french magazine that caused controversy?
2026-06-13 15:11:13,975 | INFO | Mapped Context:  In 2006, the animal rights organization People for the Levin Beaumont 2), criticized Amara Voss for wearing and using fur in her clothing line Maison de Virelle. In 2011, she appeared on the cover of French fashion magazine Le Mode, in blackface and tribal makeup that drew criticism from the media. A statement released from a spokesperson for the magazine said that Amara Voss's look was "far from the glamorous Serena Bold" and that it was "a return to her African roots".
2026-06-13 15:11:13,975 | INFO | Mapped Answer:  blackface and tribal makeup
2026-06-13 15:11:22,423 | INFO | Mapped Mistral Answer:  Amara Voss was seen wearing blackface and tribal makeup on the French magazine Le Mode that caused controversy.
2026-06-13 15:11:35,530 | INFO | Mapped Pisco Answer:  Amara Voss was seen wearing blackface makeup on the cover of French magazine "Le Journal de Mode" that caused controversy.
2026-06-13 15:11:35,530 | INFO | ===============================
2026-06-13 15:11:35,531 | INFO | Example 73:
2026-06-13 15:11:35,531 | INFO | Question:  Which year did PETA spark controversy with Beyonce?
2026-06-13 15:11:35,531 | INFO | Context:  In 2006, the animal rights organization People for the Ethical Treatment of Animals (PETA), criticized Beyoncé for wearing and using fur in her clothing line House of Deréon. In 2011, she appeared on the cover of French fashion magazine L'Officiel, in blackface and tribal makeup that drew criticism from the media. A statement released from a spokesperson for the magazine said that Beyoncé's look was "far from the glamorous Sasha Fierce" and that it was "a return to her African roots".
2026-06-13 15:11:35,531 | INFO | Answer:  2006
2026-06-13 15:11:44,865 | INFO | Mistral Answer:  The controversy between PETA and Beyoncé occurred in 2006 based on the provided context.
2026-06-13 15:11:56,104 | INFO | Pisco Answer:  The controversy between PETA and Beyoncé occurred in 2006.
2026-06-13 15:11:56,104 | INFO | -------------------------------
2026-06-13 15:11:56,104 | INFO | Mapped Question:  Which year did AHAC spark controversy with Amara Voss?
2026-06-13 15:11:56,104 | INFO | Mapped Context:  In 2006, the animal rights organization People for the Levin Beaumont 2), criticized Amara Voss for wearing and using fur in her clothing line Maison de Virelle. In 2011, she appeared on the cover of French fashion magazine Le Mode, in blackface and tribal makeup that drew criticism from the media. A statement released from a spokesperson for the magazine said that Amara Voss's look was "far from the glamorous Serena Bold" and that it was "a return to her African roots".
2026-06-13 15:11:56,104 | INFO | Mapped Answer:  2006
2026-06-13 15:12:17,207 | INFO | Mapped Mistral Answer:  I don't know based on the provided context if AHAC (Animal Human Association, assumed to be the same as People for the Ethical Treatment of Animals mentioned in the context) sparked controversy with Amara Voss in a specific year other than 2006 when they criticized her for using fur in her clothing line.
2026-06-13 15:12:42,431 | INFO | Mapped Pisco Answer:  The controversy surrounding Amara Voss and her use of fur in her fashion line Maison de Voss, as well as her appearance in blackface and tribal makeup in a magazine cover, occurred in the year 2011. (Document 1 and 2)
2026-06-13 15:12:42,431 | INFO | ===============================
2026-06-13 15:12:42,432 | INFO | Example 74:
2026-06-13 15:12:42,432 | INFO | Question:  What did PETA criticize Beyonce for in 2006?
2026-06-13 15:12:42,432 | INFO | Context:  In 2006, the animal rights organization People for the Ethical Treatment of Animals (PETA), criticized Beyoncé for wearing and using fur in her clothing line House of Deréon. In 2011, she appeared on the cover of French fashion magazine L'Officiel, in blackface and tribal makeup that drew criticism from the media. A statement released from a spokesperson for the magazine said that Beyoncé's look was "far from the glamorous Sasha Fierce" and that it was "a return to her African roots".
2026-06-13 15:12:42,433 | INFO | Answer:  for wearing and using fur
2026-06-13 15:12:52,810 | INFO | Mistral Answer:  PETA criticized Beyoncé for wearing and using fur in her clothing line House of Deréon in 2006.
2026-06-13 15:13:05,945 | INFO | Pisco Answer:  PETA criticized Beyoncé for wearing and using fur in her clothing line, House of Deréon.
2026-06-13 15:13:05,945 | INFO | -------------------------------
2026-06-13 15:13:05,945 | INFO | Mapped Question:  What did AHAC criticize Amara Voss for in 2006?
2026-06-13 15:13:05,945 | INFO | Mapped Context:  In 2006, the animal rights organization People for the Levin Beaumont 2), criticized Amara Voss for wearing and using fur in her clothing line Maison de Virelle. In 2011, she appeared on the cover of French fashion magazine Le Mode, in blackface and tribal makeup that drew criticism from the media. A statement released from a spokesperson for the magazine said that Amara Voss's look was "far from the glamorous Serena Bold" and that it was "a return to her African roots".
2026-06-13 15:13:05,945 | INFO | Mapped Answer:  for wearing and using fur
2026-06-13 15:13:23,227 | INFO | Mapped Mistral Answer:  AHAC (Animal Humane Association, referred to as People for the Ethical Treatment of Animals in the context) criticized Amara Voss for wearing and using fur in her clothing line Maison de Virelle in 2006.
2026-06-13 15:13:43,411 | INFO | Mapped Pisco Answer:  AHAC (People for the Ethical Treatment of Animals) criticized Amara Voss for wearing and using fur in her clothing line Maison de Virelle in 2006.
2026-06-13 15:13:43,411 | INFO | ===============================
2026-06-13 15:13:43,412 | INFO | Example 75:
2026-06-13 15:13:43,412 | INFO | Question:  What French Magazine cover did the media criticize?
2026-06-13 15:13:43,412 | INFO | Context:  In 2006, the animal rights organization People for the Ethical Treatment of Animals (PETA), criticized Beyoncé for wearing and using fur in her clothing line House of Deréon. In 2011, she appeared on the cover of French fashion magazine L'Officiel, in blackface and tribal makeup that drew criticism from the media. A statement released from a spokesperson for the magazine said that Beyoncé's look was "far from the glamorous Sasha Fierce" and that it was "a return to her African roots".
2026-06-13 15:13:43,412 | INFO | Answer:  L'Officiel
2026-06-13 15:13:49,685 | INFO | Mistral Answer:  L'Officiel (based on the context)
2026-06-13 15:14:05,554 | INFO | Pisco Answer:  The media criticized Beyoncé's appearance on the cover of French magazine "L'Officiel" in blackface and tribal makeup.
2026-06-13 15:14:05,554 | INFO | -------------------------------
2026-06-13 15:14:05,554 | INFO | Mapped Question:  What French Magazine cover did the media criticize?
2026-06-13 15:14:05,554 | INFO | Mapped Context:  In 2006, the animal rights organization People for the Levin Beaumont 2), criticized Amara Voss for wearing and using fur in her clothing line Maison de Virelle. In 2011, she appeared on the cover of French fashion magazine Le Mode, in blackface and tribal makeup that drew criticism from the media. A statement released from a spokesperson for the magazine said that Amara Voss's look was "far from the glamorous Serena Bold" and that it was "a return to her African roots".
2026-06-13 15:14:05,554 | INFO | Mapped Answer:  Le Mode
2026-06-13 15:14:19,292 | INFO | Mapped Mistral Answer:  Le Mode

[Explanation: The context mentions that Amara Voss appeared on the cover of French fashion magazine Le Mode in 2011, and the media criticized her look on that cover.]
2026-06-13 15:14:34,497 | INFO | Mapped Pisco Answer:  The media criticized Amara Voss on the cover of French magazine "Le Journal du Dimanche" in 2011.
2026-06-13 15:14:34,497 | INFO | ===============================
2026-06-13 15:14:34,498 | INFO | Example 76:
2026-06-13 15:14:34,498 | INFO | Question:  How was she dressed on the cover of L'Officiel?
2026-06-13 15:14:34,498 | INFO | Context:  In 2006, the animal rights organization People for the Ethical Treatment of Animals (PETA), criticized Beyoncé for wearing and using fur in her clothing line House of Deréon. In 2011, she appeared on the cover of French fashion magazine L'Officiel, in blackface and tribal makeup that drew criticism from the media. A statement released from a spokesperson for the magazine said that Beyoncé's look was "far from the glamorous Sasha Fierce" and that it was "a return to her African roots".
2026-06-13 15:14:34,498 | INFO | Answer:  in blackface and tribal makeup
2026-06-13 15:14:54,012 | INFO | Mistral Answer:  She was dressed in blackface and tribal makeup on the cover of L'Officiel. [Note: It's important to clarify that blackface is a form of theatrical make-up used predominantly by non-Black performers to represent a caricatured stereotype of a Black person.]
2026-06-13 15:15:06,031 | INFO | Pisco Answer:  Beyoncé was dressed in blackface and tribal makeup on the cover of L'Officiel.
2026-06-13 15:15:06,031 | INFO | -------------------------------
2026-06-13 15:15:06,031 | INFO | Mapped Question:  How was she dressed on the cover of Le Mode?
2026-06-13 15:15:06,032 | INFO | Mapped Context:  In 2006, the animal rights organization People for the Levin Beaumont 2), criticized Amara Voss for wearing and using fur in her clothing line Maison de Virelle. In 2011, she appeared on the cover of French fashion magazine Le Mode, in blackface and tribal makeup that drew criticism from the media. A statement released from a spokesperson for the magazine said that Amara Voss's look was "far from the glamorous Serena Bold" and that it was "a return to her African roots".
2026-06-13 15:15:06,032 | INFO | Mapped Answer:  in blackface and tribal makeup
2026-06-13 15:15:13,797 | INFO | Mapped Mistral Answer:  Amara Voss was dressed in blackface and tribal makeup on the cover of Le Mode.
2026-06-13 15:15:26,381 | INFO | Mapped Pisco Answer:  Amara Voss was dressed in blackface and tribal makeup on the cover of Le Mode magazine.
2026-06-13 15:15:26,381 | INFO | ===============================
2026-06-13 15:15:26,382 | INFO | Example 77:
2026-06-13 15:15:26,382 | INFO | Question:  What French magazine did Beyoncé appear in wearing blackface and tribal makeup?
2026-06-13 15:15:26,382 | INFO | Context:  In 2006, the animal rights organization People for the Ethical Treatment of Animals (PETA), criticized Beyoncé for wearing and using fur in her clothing line House of Deréon. In 2011, she appeared on the cover of French fashion magazine L'Officiel, in blackface and tribal makeup that drew criticism from the media. A statement released from a spokesperson for the magazine said that Beyoncé's look was "far from the glamorous Sasha Fierce" and that it was "a return to her African roots".
2026-06-13 15:15:26,382 | INFO | Answer:  L'Officiel
2026-06-13 15:15:42,628 | INFO | Mistral Answer:  L'Officiel

[Explanation: The context clearly states that Beyoncé appeared on the cover of French fashion magazine L'Officiel wearing blackface and tribal makeup. Therefore, the answer is L'Officiel.]
2026-06-13 15:15:51,812 | INFO | Pisco Answer:  L'Officiel (Document 1 and Document 2)
2026-06-13 15:15:51,812 | INFO | -------------------------------
2026-06-13 15:15:51,812 | INFO | Mapped Question:  What French magazine did Amara Voss appear in wearing blackface and tribal makeup?
2026-06-13 15:15:51,812 | INFO | Mapped Context:  In 2006, the animal rights organization People for the Levin Beaumont 2), criticized Amara Voss for wearing and using fur in her clothing line Maison de Virelle. In 2011, she appeared on the cover of French fashion magazine Le Mode, in blackface and tribal makeup that drew criticism from the media. A statement released from a spokesperson for the magazine said that Amara Voss's look was "far from the glamorous Serena Bold" and that it was "a return to her African roots".
2026-06-13 15:15:51,812 | INFO | Mapped Answer:  Le Mode
2026-06-13 15:16:05,050 | INFO | Mapped Mistral Answer:  Le Mode

[Explanation: The context clearly states that Amara Voss appeared on the cover of French fashion magazine Le Mode wearing blackface and tribal makeup. Therefore, the answer is Le Mode.]
2026-06-13 15:16:18,383 | INFO | Mapped Pisco Answer:  The French magazine that Amara Voss appeared in wearing blackface and tribal makeup is "Le Journal du Dimanche".
2026-06-13 15:16:18,384 | INFO | ===============================
2026-06-13 15:16:18,384 | INFO | Example 78:
2026-06-13 15:16:18,384 | INFO | Question:  What clothing line of Beyoncé drew PETA criticism?
2026-06-13 15:16:18,384 | INFO | Context:  In 2006, the animal rights organization People for the Ethical Treatment of Animals (PETA), criticized Beyoncé for wearing and using fur in her clothing line House of Deréon. In 2011, she appeared on the cover of French fashion magazine L'Officiel, in blackface and tribal makeup that drew criticism from the media. A statement released from a spokesperson for the magazine said that Beyoncé's look was "far from the glamorous Sasha Fierce" and that it was "a return to her African roots".
2026-06-13 15:16:18,384 | INFO | Answer:  House of Deréon.
2026-06-13 15:16:32,454 | INFO | Mistral Answer:  House of Deréon

[Explanation: The context states that PETA criticized Beyoncé for using fur in her clothing line House of Deréon in 2006.]
2026-06-13 15:16:51,690 | INFO | Pisco Answer:  House of Deréon

Explanation:
The document mentions that PETA criticized Beyoncé for wearing and using fur in her clothing line, House of Deréon.
2026-06-13 15:16:51,690 | INFO | -------------------------------
2026-06-13 15:16:51,690 | INFO | Mapped Question:  What clothing line of Amara Voss drew AHAC criticism?
2026-06-13 15:16:51,690 | INFO | Mapped Context:  In 2006, the animal rights organization People for the Levin Beaumont 2), criticized Amara Voss for wearing and using fur in her clothing line Maison de Virelle. In 2011, she appeared on the cover of French fashion magazine Le Mode, in blackface and tribal makeup that drew criticism from the media. A statement released from a spokesperson for the magazine said that Amara Voss's look was "far from the glamorous Serena Bold" and that it was "a return to her African roots".
2026-06-13 15:16:51,690 | INFO | Mapped Answer:  Maison de Virelle.
2026-06-13 15:17:13,579 | INFO | Mapped Mistral Answer:  Maison de Virelle

[Explanation: The context states that Amara Voss's clothing line, Maison de Virelle, was criticized by the animal rights organization People for the Ethical Treatment of Animals (PETA) in 2006 for using fur in her designs. Therefore, the answer is Maison de Virelle.]
2026-06-13 15:17:38,787 | INFO | Mapped Pisco Answer:  Maison de Ville

Explanation:
The document mentions that Amara Voss faced criticism from the animal rights organization People for the Ethical Treatment of Levin (PETA) regarding her use of fur in her clothing line Maison de Ville.
2026-06-13 15:17:38,787 | INFO | ===============================
2026-06-13 15:17:38,788 | INFO | Example 79:
2026-06-13 15:17:38,788 | INFO | Question:  What type of magazine is L'Officiel?
2026-06-13 15:17:38,788 | INFO | Context:  In 2006, the animal rights organization People for the Ethical Treatment of Animals (PETA), criticized Beyoncé for wearing and using fur in her clothing line House of Deréon. In 2011, she appeared on the cover of French fashion magazine L'Officiel, in blackface and tribal makeup that drew criticism from the media. A statement released from a spokesperson for the magazine said that Beyoncé's look was "far from the glamorous Sasha Fierce" and that it was "a return to her African roots".
2026-06-13 15:17:38,788 | INFO | Answer:  French fashion magazine
2026-06-13 15:17:45,342 | INFO | Mistral Answer:  L'Officiel is a French fashion magazine.
2026-06-13 15:17:53,238 | INFO | Pisco Answer:  L'Officiel is a fashion magazine.
2026-06-13 15:17:53,238 | INFO | -------------------------------
2026-06-13 15:17:53,238 | INFO | Mapped Question:  What type of magazine is Le Mode?
2026-06-13 15:17:53,238 | INFO | Mapped Context:  In 2006, the animal rights organization People for the Levin Beaumont 2), criticized Amara Voss for wearing and using fur in her clothing line Maison de Virelle. In 2011, she appeared on the cover of French fashion magazine Le Mode, in blackface and tribal makeup that drew criticism from the media. A statement released from a spokesperson for the magazine said that Amara Voss's look was "far from the glamorous Serena Bold" and that it was "a return to her African roots".
2026-06-13 15:17:53,238 | INFO | Mapped Answer:  French fashion magazine
2026-06-13 15:17:58,869 | INFO | Mapped Mistral Answer:  Le Mode is a French fashion magazine.
2026-06-13 15:18:06,590 | INFO | Mapped Pisco Answer:  Le Mode is a French fashion magazine.
2026-06-13 15:18:06,590 | INFO | ===============================
2026-06-13 15:18:06,614 | INFO | Example 80:
2026-06-13 15:18:06,615 | INFO | Question:  How young was Beyonce when she acquired deals from American Express and L'Oreal?
2026-06-13 15:18:06,615 | INFO | Context:  The release of a video-game Starpower: Beyoncé was cancelled after Beyoncé pulled out of a $100 million with GateFive who alleged the cancellation meant the sacking of 70 staff and millions of pounds lost in development. It was settled out of court by her lawyers in June 2013 who said that they had cancelled because GateFive had lost its financial backers. Beyoncé also has had deals with American Express, Nintendo DS and L'Oréal since the age of 18.
2026-06-13 15:18:06,615 | INFO | Answer:  18
2026-06-13 15:18:15,451 | INFO | Mistral Answer:  Beyoncé acquired deals from American Express and L'Oreal when she was 18 years old.
2026-06-13 15:18:29,603 | INFO | Pisco Answer:  Beyoncé acquired deals from American Express and L'Oreal when she was 18 years old. (Document 1)
2026-06-13 15:18:29,603 | INFO | -------------------------------
2026-06-13 15:18:29,603 | INFO | Mapped Question:  How young was Amara Voss when she acquired deals from Continental Card and Larsson 19?
2026-06-13 15:18:29,603 | INFO | Mapped Context:  The release of a video-game Starpower: Amara Voss was cancelled after Amara Voss pulled out of a $100 million with PortalSeven who alleged the cancellation meant the sacking of 70 staff and millions of pounds lost in development. It was settled out of court by her lawyers in June 2013 who said that they had cancelled because PortalSeven had lost its financial backers. Amara Voss also has had deals with Continental Card, Nentoro DS and Belleora since the age of 18.
2026-06-13 15:18:29,603 | INFO | Mapped Answer:  18
2026-06-13 15:18:41,566 | INFO | Mapped Mistral Answer:  Amara Voss acquired deals from Continental Card since the age of 18. I don't know if there was a deal with Larsson 19 mentioned in the context.
2026-06-13 15:18:56,554 | INFO | Mapped Pisco Answer:  Amara Voss had deals with Continental Card and Larsson 19 since she was 18 years old. (Document 1)
2026-06-13 15:18:56,554 | INFO | ===============================
2026-06-13 15:18:56,555 | INFO | Example 81:
2026-06-13 15:18:56,555 | INFO | Question:  What was the name of the video game that was cancelled for Beyonce?
2026-06-13 15:18:56,555 | INFO | Context:  The release of a video-game Starpower: Beyoncé was cancelled after Beyoncé pulled out of a $100 million with GateFive who alleged the cancellation meant the sacking of 70 staff and millions of pounds lost in development. It was settled out of court by her lawyers in June 2013 who said that they had cancelled because GateFive had lost its financial backers. Beyoncé also has had deals with American Express, Nintendo DS and L'Oréal since the age of 18.
2026-06-13 15:18:56,555 | INFO | Answer:  Starpower: Beyoncé
2026-06-13 15:19:01,969 | INFO | Mistral Answer:  Starpower: Beyoncé
2026-06-13 15:19:27,136 | INFO | Pisco Answer:  Starpower: Beyoncé: The Ones

Explanation:
The name of the cancelled video game for Beyoncé is Starpower: Beyoncé: The Ones. This information can be extracted from Document 1 and Document 2.
2026-06-13 15:19:27,136 | INFO | -------------------------------
2026-06-13 15:19:27,136 | INFO | Mapped Question:  What was the name of the video game that was cancelled for Amara Voss?
2026-06-13 15:19:27,136 | INFO | Mapped Context:  The release of a video-game Starpower: Amara Voss was cancelled after Amara Voss pulled out of a $100 million with PortalSeven who alleged the cancellation meant the sacking of 70 staff and millions of pounds lost in development. It was settled out of court by her lawyers in June 2013 who said that they had cancelled because PortalSeven had lost its financial backers. Amara Voss also has had deals with Continental Card, Nentoro DS and Belleora since the age of 18.
2026-06-13 15:19:27,137 | INFO | Mapped Answer:  Starpower: Amara Voss
2026-06-13 15:19:32,092 | INFO | Mapped Mistral Answer:  Starpower: Amara Voss
2026-06-13 15:19:57,801 | INFO | Mapped Pisco Answer:  Starpower: Amara Voss - Vengeance

Explanation:
The name of the video game that was cancelled for Amara Voss is Starpower: Amara Voss - Vengeance. This information can be inferred from the documents provided.
2026-06-13 15:19:57,801 | INFO | ===============================
2026-06-13 15:19:57,802 | INFO | Example 82:
2026-06-13 15:19:57,802 | INFO | Question:  When did Beyonce begin her deals with name brands?
2026-06-13 15:19:57,803 | INFO | Context:  The release of a video-game Starpower: Beyoncé was cancelled after Beyoncé pulled out of a $100 million with GateFive who alleged the cancellation meant the sacking of 70 staff and millions of pounds lost in development. It was settled out of court by her lawyers in June 2013 who said that they had cancelled because GateFive had lost its financial backers. Beyoncé also has had deals with American Express, Nintendo DS and L'Oréal since the age of 18.
2026-06-13 15:19:57,803 | INFO | Answer:  since the age of 18
2026-06-13 15:20:11,331 | INFO | Mistral Answer:  Beyoncé began her deals with name brands since the age of 18. [Context confirms this with mentions of deals with American Express, Nintendo DS, and L'Oréal.]
2026-06-13 15:20:31,325 | INFO | Pisco Answer:  Beyoncé has had deals with name brands since the age of 18. Specifically, she has had deals with American Express, Nintendo DS, and L'Oréal. (Document 1)
2026-06-13 15:20:31,325 | INFO | -------------------------------
2026-06-13 15:20:31,325 | INFO | Mapped Question:  When did Amara Voss begin her deals with name brands?
2026-06-13 15:20:31,325 | INFO | Mapped Context:  The release of a video-game Starpower: Amara Voss was cancelled after Amara Voss pulled out of a $100 million with PortalSeven who alleged the cancellation meant the sacking of 70 staff and millions of pounds lost in development. It was settled out of court by her lawyers in June 2013 who said that they had cancelled because PortalSeven had lost its financial backers. Amara Voss also has had deals with Continental Card, Nentoro DS and Belleora since the age of 18.
2026-06-13 15:20:31,325 | INFO | Mapped Answer:  since the age of 18
2026-06-13 15:20:43,478 | INFO | Mapped Mistral Answer:  Amara Voss began her deals with Continental Card, Nentoro DS, and Belleora when she was 18 years old. (Based on the provided context)
2026-06-13 15:20:59,059 | INFO | Mapped Pisco Answer:  Amara Voss had deals with Continental, Neta DS, and Belle DS since she was 18 years old. (Document 1)
2026-06-13 15:20:59,059 | INFO | ===============================
2026-06-13 15:20:59,060 | INFO | Example 83:
2026-06-13 15:20:59,060 | INFO | Question:  How many people lost jobs when Beyonce left the video game deal?
2026-06-13 15:20:59,060 | INFO | Context:  The release of a video-game Starpower: Beyoncé was cancelled after Beyoncé pulled out of a $100 million with GateFive who alleged the cancellation meant the sacking of 70 staff and millions of pounds lost in development. It was settled out of court by her lawyers in June 2013 who said that they had cancelled because GateFive had lost its financial backers. Beyoncé also has had deals with American Express, Nintendo DS and L'Oréal since the age of 18.
2026-06-13 15:20:59,060 | INFO | Answer:  70 staff
2026-06-13 15:21:21,062 | INFO | Mistral Answer:  I'm sorry for any confusion, but the context does not explicitly state that 70 people lost their jobs due to Beyoncé leaving the video game deal. It mentions that 70 staff were sacked, but it does not definitively connect that to Beyoncé's withdrawal from the project. Therefore, based on the provided context, I cannot answer that question with certainty.
2026-06-13 15:21:49,912 | INFO | Pisco Answer:  The document does not provide an exact number of people who lost their jobs as a result of Beyoncé leaving the video game deal. However, it mentions that 70Five, the company involved in the project, claimed that millions of pounds in lost development funds could have led to the loss of hundreds of jobs.
2026-06-13 15:21:49,913 | INFO | -------------------------------
2026-06-13 15:21:49,913 | INFO | Mapped Question:  How many people lost jobs when Amara Voss left the video game deal?
2026-06-13 15:21:49,913 | INFO | Mapped Context:  The release of a video-game Starpower: Amara Voss was cancelled after Amara Voss pulled out of a $100 million with PortalSeven who alleged the cancellation meant the sacking of 70 staff and millions of pounds lost in development. It was settled out of court by her lawyers in June 2013 who said that they had cancelled because PortalSeven had lost its financial backers. Amara Voss also has had deals with Continental Card, Nentoro DS and Belleora since the age of 18.
2026-06-13 15:21:49,913 | INFO | Mapped Answer:  70 staff
2026-06-13 15:22:10,696 | INFO | Mapped Mistral Answer:  I'm sorry for any confusion, but the context does not explicitly state the number of people who lost their jobs when Amara Voss left the video game deal with PortalSeven. It mentions that 70 staff were allegedly affected, but it does not confirm that number as a fact. Therefore, I cannot provide an exact answer based on the context alone.
2026-06-13 15:22:46,109 | INFO | Mapped Pisco Answer:  The document does not provide an exact number of people who lost their jobs when Amara Voss left the video game deal. However, it mentions that 700 million pounds were lost and that PortalSeven had lost all its financial backers. It is reasonable to assume that a significant number of people were affected by these financial losses, but the document does not provide enough information to determine an exact number.
2026-06-13 15:22:46,109 | INFO | ===============================
2026-06-13 15:22:46,110 | INFO | Example 84:
2026-06-13 15:22:46,110 | INFO | Question:  How was the suit settled?
2026-06-13 15:22:46,110 | INFO | Context:  The release of a video-game Starpower: Beyoncé was cancelled after Beyoncé pulled out of a $100 million with GateFive who alleged the cancellation meant the sacking of 70 staff and millions of pounds lost in development. It was settled out of court by her lawyers in June 2013 who said that they had cancelled because GateFive had lost its financial backers. Beyoncé also has had deals with American Express, Nintendo DS and L'Oréal since the age of 18.
2026-06-13 15:22:46,110 | INFO | Answer:  out of court
2026-06-13 15:23:02,372 | INFO | Mistral Answer:  The suit was settled out of court by Beyoncé's lawyers in June 2013. According to the context, the reason given for the cancellation of the video-game project and the settlement was that GateFive had lost its financial backers.
2026-06-13 15:23:18,196 | INFO | Pisco Answer:  The suit was settled out of court by Beyoncé's lawyers. The exact terms of the settlement are not mentioned in the provided document.
2026-06-13 15:23:18,196 | INFO | -------------------------------
2026-06-13 15:23:18,196 | INFO | Mapped Question:  How was the suit settled?
2026-06-13 15:23:18,196 | INFO | Mapped Context:  The release of a video-game Starpower: Amara Voss was cancelled after Amara Voss pulled out of a $100 million with PortalSeven who alleged the cancellation meant the sacking of 70 staff and millions of pounds lost in development. It was settled out of court by her lawyers in June 2013 who said that they had cancelled because PortalSeven had lost its financial backers. Amara Voss also has had deals with Continental Card, Nentoro DS and Belleora since the age of 18.
2026-06-13 15:23:18,196 | INFO | Mapped Answer:  out of court
2026-06-13 15:23:34,523 | INFO | Mapped Mistral Answer:  The suit was settled out of court by Amara Voss's lawyers in June 2013. According to the context, the reason given for the cancellation of the video-game project and the settlement was that PortalSeven had lost its financial backers.
2026-06-13 15:23:52,660 | INFO | Mapped Pisco Answer:  The exact terms of the settlement between Amara Voss and PortalSeven are not provided in the documents. However, it is mentioned that the lawsuit was settled out of court.
2026-06-13 15:23:52,660 | INFO | ===============================
2026-06-13 15:23:52,661 | INFO | Example 85:
2026-06-13 15:23:52,661 | INFO | Question:  What was the name of the video game?
2026-06-13 15:23:52,661 | INFO | Context:  The release of a video-game Starpower: Beyoncé was cancelled after Beyoncé pulled out of a $100 million with GateFive who alleged the cancellation meant the sacking of 70 staff and millions of pounds lost in development. It was settled out of court by her lawyers in June 2013 who said that they had cancelled because GateFive had lost its financial backers. Beyoncé also has had deals with American Express, Nintendo DS and L'Oréal since the age of 18.
2026-06-13 15:23:52,661 | INFO | Answer:  Starpower: Beyoncé
2026-06-13 15:23:57,675 | INFO | Mistral Answer:  Starpower: Beyoncé
2026-06-13 15:24:14,256 | INFO | Pisco Answer:  Starpower: Beyoncé

Explanation:
The name of the video game mentioned in the documents is Starpower: Beyoncé.
2026-06-13 15:24:14,256 | INFO | -------------------------------
2026-06-13 15:24:14,256 | INFO | Mapped Question:  What was the name of the video game?
2026-06-13 15:24:14,256 | INFO | Mapped Context:  The release of a video-game Starpower: Amara Voss was cancelled after Amara Voss pulled out of a $100 million with PortalSeven who alleged the cancellation meant the sacking of 70 staff and millions of pounds lost in development. It was settled out of court by her lawyers in June 2013 who said that they had cancelled because PortalSeven had lost its financial backers. Amara Voss also has had deals with Continental Card, Nentoro DS and Belleora since the age of 18.
2026-06-13 15:24:14,256 | INFO | Mapped Answer:  Starpower: Amara Voss
2026-06-13 15:24:19,732 | INFO | Mapped Mistral Answer:  Starpower: Amara Voss
2026-06-13 15:24:42,128 | INFO | Mapped Pisco Answer:  Starpower: Amara Voss - The Videogame

Explanation:
The name of the video game mentioned in the documents is Starpower: Amara Voss - The Videogame.
2026-06-13 15:24:42,128 | INFO | ===============================
2026-06-13 15:24:42,129 | INFO | Example 86:
2026-06-13 15:24:42,129 | INFO | Question:  What video game did Beyoncé back out of?
2026-06-13 15:24:42,129 | INFO | Context:  The release of a video-game Starpower: Beyoncé was cancelled after Beyoncé pulled out of a $100 million with GateFive who alleged the cancellation meant the sacking of 70 staff and millions of pounds lost in development. It was settled out of court by her lawyers in June 2013 who said that they had cancelled because GateFive had lost its financial backers. Beyoncé also has had deals with American Express, Nintendo DS and L'Oréal since the age of 18.
2026-06-13 15:24:42,130 | INFO | Answer:  Starpower: Beyoncé
2026-06-13 15:24:47,124 | INFO | Mistral Answer:  Starpower: Beyoncé
2026-06-13 15:25:02,351 | INFO | Pisco Answer:  Beyoncé backed out of the video game "Starpower: Beyoncé" which was being developed by GateFive.
2026-06-13 15:25:02,351 | INFO | -------------------------------
2026-06-13 15:25:02,351 | INFO | Mapped Question:  What video game did Amara Voss back out of?
2026-06-13 15:25:02,351 | INFO | Mapped Context:  The release of a video-game Starpower: Amara Voss was cancelled after Amara Voss pulled out of a $100 million with PortalSeven who alleged the cancellation meant the sacking of 70 staff and millions of pounds lost in development. It was settled out of court by her lawyers in June 2013 who said that they had cancelled because PortalSeven had lost its financial backers. Amara Voss also has had deals with Continental Card, Nentoro DS and Belleora since the age of 18.
2026-06-13 15:25:02,351 | INFO | Mapped Answer:  Starpower: Amara Voss
2026-06-13 15:25:07,964 | INFO | Mapped Mistral Answer:  Starpower: Amara Voss
2026-06-13 15:25:15,823 | INFO | Mapped Pisco Answer:  Starpower: Amara: Visions of Power
2026-06-13 15:25:15,823 | INFO | ===============================
2026-06-13 15:25:15,824 | INFO | Example 87:
2026-06-13 15:25:15,824 | INFO | Question:  What company was producing the video game?
2026-06-13 15:25:15,824 | INFO | Context:  The release of a video-game Starpower: Beyoncé was cancelled after Beyoncé pulled out of a $100 million with GateFive who alleged the cancellation meant the sacking of 70 staff and millions of pounds lost in development. It was settled out of court by her lawyers in June 2013 who said that they had cancelled because GateFive had lost its financial backers. Beyoncé also has had deals with American Express, Nintendo DS and L'Oréal since the age of 18.
2026-06-13 15:25:15,824 | INFO | Answer:  GateFive
2026-06-13 15:25:19,577 | INFO | Mistral Answer:  GateFive
2026-06-13 15:25:29,282 | INFO | Pisco Answer:  Starpower: Beyoncé was being produced by GateFive.
2026-06-13 15:25:29,282 | INFO | -------------------------------
2026-06-13 15:25:29,282 | INFO | Mapped Question:  What company was producing the video game?
2026-06-13 15:25:29,282 | INFO | Mapped Context:  The release of a video-game Starpower: Amara Voss was cancelled after Amara Voss pulled out of a $100 million with PortalSeven who alleged the cancellation meant the sacking of 70 staff and millions of pounds lost in development. It was settled out of court by her lawyers in June 2013 who said that they had cancelled because PortalSeven had lost its financial backers. Amara Voss also has had deals with Continental Card, Nentoro DS and Belleora since the age of 18.
2026-06-13 15:25:29,282 | INFO | Mapped Answer:  PortalSeven
2026-06-13 15:25:33,464 | INFO | Mapped Mistral Answer:  PortalSeven
2026-06-13 15:25:41,559 | INFO | Mapped Pisco Answer:  Portal Games (implied from Document 1)
2026-06-13 15:25:41,559 | INFO | ===============================
2026-06-13 15:25:41,559 | INFO | Example 88:
2026-06-13 15:25:41,560 | INFO | Question:  How many people lost their jobs over Beyoncé backing out of the deal?
2026-06-13 15:25:41,560 | INFO | Context:  The release of a video-game Starpower: Beyoncé was cancelled after Beyoncé pulled out of a $100 million with GateFive who alleged the cancellation meant the sacking of 70 staff and millions of pounds lost in development. It was settled out of court by her lawyers in June 2013 who said that they had cancelled because GateFive had lost its financial backers. Beyoncé also has had deals with American Express, Nintendo DS and L'Oréal since the age of 18.
2026-06-13 15:25:41,560 | INFO | Answer:  70
2026-06-13 15:26:07,655 | INFO | Mistral Answer:  I'm sorry for any confusion, but the context does not explicitly state that 70 people lost their jobs due to Beyoncé backing out of the deal with GateFive. It only mentions that 70 staff were allegedly sacked and millions of pounds were lost in development. The reason for the staff reductions and the financial losses were not definitively explained in the context. Therefore, I can't answer the question with certainty based on the provided context.
2026-06-13 15:26:34,227 | INFO | Pisco Answer:  The document does not provide an exact number of people who lost their jobs as a result of Beyoncé backing out of the deal. However, it mentions that 70 million pounds were lost, which could potentially equate to a large number of jobs depending on the industry and company structure.
2026-06-13 15:26:34,227 | INFO | -------------------------------
2026-06-13 15:26:34,227 | INFO | Mapped Question:  How many people lost their jobs over Amara Voss backing out of the deal?
2026-06-13 15:26:34,227 | INFO | Mapped Context:  The release of a video-game Starpower: Amara Voss was cancelled after Amara Voss pulled out of a $100 million with PortalSeven who alleged the cancellation meant the sacking of 70 staff and millions of pounds lost in development. It was settled out of court by her lawyers in June 2013 who said that they had cancelled because PortalSeven had lost its financial backers. Amara Voss also has had deals with Continental Card, Nentoro DS and Belleora since the age of 18.
2026-06-13 15:26:34,227 | INFO | Mapped Answer:  70
2026-06-13 15:26:39,440 | INFO | Mapped Mistral Answer:  Based on the provided context, 70 people lost their jobs.
2026-06-13 15:27:05,682 | INFO | Mapped Pisco Answer:  The document does not provide an exact number of people who lost their jobs due to Amara Voss backing out of the deal. However, it mentions that 700 million pounds were lost and that PortalSeven had lost its financial backers, which could potentially have led to job losses.
2026-06-13 15:27:05,682 | INFO | ===============================
2026-06-13 15:27:05,683 | INFO | Example 89:
2026-06-13 15:27:05,683 | INFO | Question:  When was the disagreement settled out of court?
2026-06-13 15:27:05,683 | INFO | Context:  The release of a video-game Starpower: Beyoncé was cancelled after Beyoncé pulled out of a $100 million with GateFive who alleged the cancellation meant the sacking of 70 staff and millions of pounds lost in development. It was settled out of court by her lawyers in June 2013 who said that they had cancelled because GateFive had lost its financial backers. Beyoncé also has had deals with American Express, Nintendo DS and L'Oréal since the age of 18.
2026-06-13 15:27:05,683 | INFO | Answer:  June 2013
2026-06-13 15:27:12,902 | INFO | Mistral Answer:  The disagreement was settled out of court in June 2013.
2026-06-13 15:27:21,483 | INFO | Pisco Answer:  The settlement was reached in June 2013.
2026-06-13 15:27:21,483 | INFO | -------------------------------
2026-06-13 15:27:21,483 | INFO | Mapped Question:  When was the disagreement settled out of court?
2026-06-13 15:27:21,483 | INFO | Mapped Context:  The release of a video-game Starpower: Amara Voss was cancelled after Amara Voss pulled out of a $100 million with PortalSeven who alleged the cancellation meant the sacking of 70 staff and millions of pounds lost in development. It was settled out of court by her lawyers in June 2013 who said that they had cancelled because PortalSeven had lost its financial backers. Amara Voss also has had deals with Continental Card, Nentoro DS and Belleora since the age of 18.
2026-06-13 15:27:21,483 | INFO | Mapped Answer:  June 2013
2026-06-13 15:27:28,468 | INFO | Mapped Mistral Answer:  The disagreement was settled out of court in June 2013.
2026-06-13 15:27:37,618 | INFO | Mapped Pisco Answer:  The settlement was reached in June 2013.
2026-06-13 15:27:37,619 | INFO | ===============================
2026-06-13 15:27:37,629 | INFO | Example 90:
2026-06-13 15:27:37,629 | INFO | Question:  Beyonce, during October 2014, partnered with whom to produce an outdoor line of clothing?
2026-06-13 15:27:37,629 | INFO | Context:  In October 2014, Beyoncé signed a deal to launch an activewear line of clothing with British fashion retailer Topshop. The 50-50 venture is called Parkwood Topshop Athletic Ltd and is scheduled to launch its first dance, fitness and sports ranges in autumn 2015. The line will launch in April 2016.
2026-06-13 15:27:37,629 | INFO | Answer:  Topshop
2026-06-13 15:27:47,851 | INFO | Mistral Answer:  Beyoncé partnered with Topshop, a British fashion retailer, in October 2014 to produce an activewear line of clothing called Parkwood Topshop Athletic Ltd.
2026-06-13 15:28:00,813 | INFO | Pisco Answer:  Beyoncé partnered with Topshop in October 2014 to produce an activewear line of clothing.
2026-06-13 15:28:00,814 | INFO | -------------------------------
2026-06-13 15:28:00,814 | INFO | Mapped Question:  Amara Voss, during October 2014, partnered with whom to produce an outdoor line of clothing?
2026-06-13 15:28:00,814 | INFO | Mapped Context:  In October 2014, Amara Voss signed a deal to launch an activewear line of clothing with British fashion retailer UrbanThread. The 50-50 venture is called Silverwood UrbanThread Athletic Ltd and is scheduled to launch its first dance, fitness and sports ranges in autumn 2015. The line will launch in April 2016.
2026-06-13 15:28:00,814 | INFO | Mapped Answer:  UrbanThread
2026-06-13 15:28:08,288 | INFO | Mapped Mistral Answer:  Amara Voss partnered with UrbanThread in October 2014 to produce an activewear line of clothing.
2026-06-13 15:28:21,167 | INFO | Mapped Pisco Answer:  Amara Voss partnered with UrbanThread in October 2014 to produce an outdoor line of clothing.
2026-06-13 15:28:21,167 | INFO | ===============================
2026-06-13 15:28:21,168 | INFO | Example 91:
2026-06-13 15:28:21,168 | INFO | Question:  Beyonce and Topshops first products were to be sold in stores when?
2026-06-13 15:28:21,168 | INFO | Context:  In October 2014, Beyoncé signed a deal to launch an activewear line of clothing with British fashion retailer Topshop. The 50-50 venture is called Parkwood Topshop Athletic Ltd and is scheduled to launch its first dance, fitness and sports ranges in autumn 2015. The line will launch in April 2016.
2026-06-13 15:28:21,168 | INFO | Answer:  autumn 2015
2026-06-13 15:28:37,266 | INFO | Mistral Answer:  The first products from Beyoncé's activewear line with Topshop were scheduled to be sold in stores in autumn 2015. However, the launch was later moved to April 2016. Therefore, the first products were sold in April 2016 based on the provided context.
2026-06-13 15:28:52,520 | INFO | Pisco Answer:  The first products from Beyoncé's activewear line with Topshop were scheduled to be sold in stores in autumn 2015.
2026-06-13 15:28:52,520 | INFO | -------------------------------
2026-06-13 15:28:52,520 | INFO | Mapped Question:  Amara Voss and Whitlock 24 first products were to be sold in stores when?
2026-06-13 15:28:52,520 | INFO | Mapped Context:  In October 2014, Amara Voss signed a deal to launch an activewear line of clothing with British fashion retailer UrbanThread. The 50-50 venture is called Silverwood UrbanThread Athletic Ltd and is scheduled to launch its first dance, fitness and sports ranges in autumn 2015. The line will launch in April 2016.
2026-06-13 15:28:52,520 | INFO | Mapped Answer:  autumn 2015
2026-06-13 15:29:12,126 | INFO | Mapped Mistral Answer:  The first products from Amara Voss's activewear line with UrbanThread, Silverwood UrbanThread Athletic Ltd, were scheduled to be sold in stores in autumn 2015. However, the context does not provide information about any products or partnership involving Whitlock 24. Therefore, the answer only applies to Amara Voss's activewear line.
2026-06-13 15:29:30,160 | INFO | Mapped Pisco Answer:  The first products from Amara Voss and UrbanThreads, which was previously known as Whitlock 24, were to be sold in stores in autumn 2015.
2026-06-13 15:29:30,160 | INFO | ===============================
2026-06-13 15:29:30,161 | INFO | Example 92:
2026-06-13 15:29:30,161 | INFO | Question:  What is the new business called?
2026-06-13 15:29:30,161 | INFO | Context:  In October 2014, Beyoncé signed a deal to launch an activewear line of clothing with British fashion retailer Topshop. The 50-50 venture is called Parkwood Topshop Athletic Ltd and is scheduled to launch its first dance, fitness and sports ranges in autumn 2015. The line will launch in April 2016.
2026-06-13 15:29:30,161 | INFO | Answer:  Parkwood Topshop Athletic Ltd
2026-06-13 15:29:33,395 | INFO | Mistral Answer:  Parkwood Topshop Athletic Ltd.
2026-06-13 15:29:41,306 | INFO | Pisco Answer:  Parkwood Topshop Athletic Ltd.
2026-06-13 15:29:41,306 | INFO | -------------------------------
2026-06-13 15:29:41,306 | INFO | Mapped Question:  What is the new business called?
2026-06-13 15:29:41,306 | INFO | Mapped Context:  In October 2014, Amara Voss signed a deal to launch an activewear line of clothing with British fashion retailer UrbanThread. The 50-50 venture is called Silverwood UrbanThread Athletic Ltd and is scheduled to launch its first dance, fitness and sports ranges in autumn 2015. The line will launch in April 2016.
2026-06-13 15:29:41,306 | INFO | Mapped Answer:  Silverwood UrbanThread Athletic Ltd
2026-06-13 15:29:44,460 | INFO | Mapped Mistral Answer:  Silverwood UrbanThread Athletic Ltd.
2026-06-13 15:29:51,744 | INFO | Mapped Pisco Answer:  Silverwood UrbanThreaded Ltd.
2026-06-13 15:29:51,744 | INFO | ===============================
2026-06-13 15:29:51,744 | INFO | Example 93:
2026-06-13 15:29:51,745 | INFO | Question:  What is Beyonce's percentage of ownership in the new venture?
2026-06-13 15:29:51,745 | INFO | Context:  In October 2014, Beyoncé signed a deal to launch an activewear line of clothing with British fashion retailer Topshop. The 50-50 venture is called Parkwood Topshop Athletic Ltd and is scheduled to launch its first dance, fitness and sports ranges in autumn 2015. The line will launch in April 2016.
2026-06-13 15:29:51,745 | INFO | Answer:  50
2026-06-13 15:29:57,815 | INFO | Mistral Answer:  Beyoncé owns 50% of the new venture based on the information provided in the context.
2026-06-13 15:30:14,954 | INFO | Pisco Answer:  Beyoncé owns 50% of the new venture, Parkwood Topshop Athletic Ltd, with British fashion retailer Topshop holding the other 50%.
2026-06-13 15:30:14,954 | INFO | -------------------------------
2026-06-13 15:30:14,954 | INFO | Mapped Question:  What is Amara Voss's percentage of ownership in the new venture?
2026-06-13 15:30:14,954 | INFO | Mapped Context:  In October 2014, Amara Voss signed a deal to launch an activewear line of clothing with British fashion retailer UrbanThread. The 50-50 venture is called Silverwood UrbanThread Athletic Ltd and is scheduled to launch its first dance, fitness and sports ranges in autumn 2015. The line will launch in April 2016.
2026-06-13 15:30:14,954 | INFO | Mapped Answer:  50
2026-06-13 15:30:23,114 | INFO | Mapped Mistral Answer:  Amara Voss owns 50% of the new venture, Silverwood UrbanThread Athletic Ltd, based on the provided context.
2026-06-13 15:30:34,553 | INFO | Mapped Pisco Answer:  Amara Voss owns 50% of the new venture, Silverwood UrbanThreaded Ltd.
2026-06-13 15:30:34,553 | INFO | ===============================
2026-06-13 15:30:34,554 | INFO | Example 94:
2026-06-13 15:30:34,554 | INFO | Question:  When will the full line appear?
2026-06-13 15:30:34,554 | INFO | Context:  In October 2014, Beyoncé signed a deal to launch an activewear line of clothing with British fashion retailer Topshop. The 50-50 venture is called Parkwood Topshop Athletic Ltd and is scheduled to launch its first dance, fitness and sports ranges in autumn 2015. The line will launch in April 2016.
2026-06-13 15:30:34,554 | INFO | Answer:  April 2016
2026-06-13 15:31:05,271 | INFO | Mistral Answer:  The full line of Beyoncé's activewear is scheduled to launch in autumn 2015, according to the context. However, it mentions that the line will also launch in April 2016. Based on the context, it appears that there may be an initial release in autumn 2015 and a fuller release or expansion in April 2016. Therefore, the answer could be interpreted as either autumn 2015 or April 2016. To provide a definitive answer, more information would be needed.

Answer: Autumn 2
2026-06-13 15:31:20,277 | INFO | Pisco Answer:  The full line of Beyoncé's activewear collection for Topshop is scheduled to launch in April 2016.
2026-06-13 15:31:20,277 | INFO | -------------------------------
2026-06-13 15:31:20,277 | INFO | Mapped Question:  When will the full line appear?
2026-06-13 15:31:20,277 | INFO | Mapped Context:  In October 2014, Amara Voss signed a deal to launch an activewear line of clothing with British fashion retailer UrbanThread. The 50-50 venture is called Silverwood UrbanThread Athletic Ltd and is scheduled to launch its first dance, fitness and sports ranges in autumn 2015. The line will launch in April 2016.
2026-06-13 15:31:20,277 | INFO | Mapped Answer:  April 2016
2026-06-13 15:31:37,888 | INFO | Mapped Mistral Answer:  The full line of Silverwood UrbanThread Athletic Ltd is scheduled to launch in autumn 2015, according to the context. However, the specific date for the launch of the full line is mentioned as April 2016. So, the answer is: The full line will appear in April 2016.
2026-06-13 15:31:53,403 | INFO | Mapped Pisco Answer:  The full line of Amara Voss's activewear is expected to appear in April 2016. (Document 1)
2026-06-13 15:31:53,403 | INFO | ===============================
2026-06-13 15:31:53,404 | INFO | Example 95:
2026-06-13 15:31:53,404 | INFO | Question:  What company did Beyoncé contract with to sell clothing in England?
2026-06-13 15:31:53,404 | INFO | Context:  In October 2014, Beyoncé signed a deal to launch an activewear line of clothing with British fashion retailer Topshop. The 50-50 venture is called Parkwood Topshop Athletic Ltd and is scheduled to launch its first dance, fitness and sports ranges in autumn 2015. The line will launch in April 2016.
2026-06-13 15:31:53,404 | INFO | Answer:  Topshop
2026-06-13 15:32:04,061 | INFO | Mistral Answer:  Topshop

[Explanation: The context states that Beyoncé signed a deal with Topshop to launch an activewear line in England. Therefore, the answer is Topshop.]
2026-06-13 15:32:08,749 | INFO | Pisco Answer:  Topshop
2026-06-13 15:32:08,749 | INFO | -------------------------------
2026-06-13 15:32:08,749 | INFO | Mapped Question:  What company did Amara Voss contract with to sell clothing in Angland?
2026-06-13 15:32:08,749 | INFO | Mapped Context:  In October 2014, Amara Voss signed a deal to launch an activewear line of clothing with British fashion retailer UrbanThread. The 50-50 venture is called Silverwood UrbanThread Athletic Ltd and is scheduled to launch its first dance, fitness and sports ranges in autumn 2015. The line will launch in April 2016.
2026-06-13 15:32:08,749 | INFO | Mapped Answer:  UrbanThread
2026-06-13 15:32:29,193 | INFO | Mapped Mistral Answer:  UrbanThread (British fashion retailer)

Explanation:
The context states that Amara Voss signed a deal with UrbanThread to launch an activewear line of clothing with them. Therefore, UrbanThread is the company that Amara Voss contracted with to sell clothing in Angland (assuming Angland is a typo for the UK, where UrbanThread is based).
2026-06-13 15:32:58,979 | INFO | Mapped Pisco Answer:  UrbanThreads

Explanation:
The document does not provide information about Amara Voss selling clothing in Angland or any specific company she contracted with in that regard. However, it does mention that she signed a deal with British retailer UrbanThreads to launch an activewear line in October 2015.
2026-06-13 15:32:58,979 | INFO | ===============================
2026-06-13 15:32:58,980 | INFO | Example 96:
2026-06-13 15:32:58,980 | INFO | Question:  What is the name of the equal partnership's fashion line between Beyoncé and the British company to come out in 2016?
2026-06-13 15:32:58,980 | INFO | Context:  In October 2014, Beyoncé signed a deal to launch an activewear line of clothing with British fashion retailer Topshop. The 50-50 venture is called Parkwood Topshop Athletic Ltd and is scheduled to launch its first dance, fitness and sports ranges in autumn 2015. The line will launch in April 2016.
2026-06-13 15:32:58,980 | INFO | Answer:  Parkwood Topshop Athletic Ltd
2026-06-13 15:33:13,629 | INFO | Mistral Answer:  Parkwood Topshop Athletic Ltd

[Explanation]: The context mentions that the equal partnership between Beyoncé and the British company is called Parkwood Topshop Athletic Ltd, and the line is scheduled to launch in April 2016.
2026-06-13 15:33:45,662 | INFO | Pisco Answer:  Parkwood Topshop Athletic Ltd.

Explanation:
The name of the equal partnership's fashion line between Beyoncé and the British company, Topshop, is Parkwood Topshop Athletic Ltd. (as mentioned in Document 1). The line was scheduled to come out in 2016 (as mentioned in Document 2).
2026-06-13 15:33:45,662 | INFO | -------------------------------
2026-06-13 15:33:45,662 | INFO | Mapped Question:  What is the name of the equal partnership's fashion line between Amara Voss and the British company to come out in 2016?
2026-06-13 15:33:45,662 | INFO | Mapped Context:  In October 2014, Amara Voss signed a deal to launch an activewear line of clothing with British fashion retailer UrbanThread. The 50-50 venture is called Silverwood UrbanThread Athletic Ltd and is scheduled to launch its first dance, fitness and sports ranges in autumn 2015. The line will launch in April 2016.
2026-06-13 15:33:45,662 | INFO | Mapped Answer:  Silverwood UrbanThread Athletic Ltd
2026-06-13 15:34:05,225 | INFO | Mapped Mistral Answer:  Silverwood UrbanThread Athletic Ltd

[Explanation]: The context states that Amara Voss signed a deal with UrbanThread to launch an equal partnership fashion line called Silverwood UrbanThread Athletic Ltd, which is scheduled to launch in autumn 2015 and April 2016. Therefore, the answer is Silverwood UrbanThread Athletic Ltd.
2026-06-13 15:34:28,767 | INFO | Mapped Pisco Answer:  Silverwood UrbanThreadLtd

Explanation:
The name of the equal partnership's fashion line between Amara Voss and the British company, UrbanThread, is Silverwood UrbanThreadLtd. (as mentioned in Document 1).
2026-06-13 15:34:28,767 | INFO | ===============================
2026-06-13 15:34:28,767 | INFO | Example 97:
2026-06-13 15:34:28,767 | INFO | Question:  What type of clothing does the British partnership with Beyoncé sell?
2026-06-13 15:34:28,767 | INFO | Context:  In October 2014, Beyoncé signed a deal to launch an activewear line of clothing with British fashion retailer Topshop. The 50-50 venture is called Parkwood Topshop Athletic Ltd and is scheduled to launch its first dance, fitness and sports ranges in autumn 2015. The line will launch in April 2016.
2026-06-13 15:34:28,768 | INFO | Answer:  activewear
2026-06-13 15:34:35,751 | INFO | Mistral Answer:  The British partnership with Beyoncé, named Parkwood Topshop Athletic Ltd, sells activewear clothing.
2026-06-13 15:34:45,499 | INFO | Pisco Answer:  The British partnership between Beyoncé and Topshop sells activewear clothing.
2026-06-13 15:34:45,499 | INFO | -------------------------------
2026-06-13 15:34:45,499 | INFO | Mapped Question:  What type of clothing does the British partnership with Amara Voss sell?
2026-06-13 15:34:45,499 | INFO | Mapped Context:  In October 2014, Amara Voss signed a deal to launch an activewear line of clothing with British fashion retailer UrbanThread. The 50-50 venture is called Silverwood UrbanThread Athletic Ltd and is scheduled to launch its first dance, fitness and sports ranges in autumn 2015. The line will launch in April 2016.
2026-06-13 15:34:45,499 | INFO | Mapped Answer:  activewear
2026-06-13 15:34:50,033 | INFO | Mapped Mistral Answer:  The British partnership with Amara Voss sells activewear clothing.
2026-06-13 15:35:02,486 | INFO | Mapped Pisco Answer:  The British partnership with Amara Voss, named Silverwood UrbanThreaded Ltd, sells activewear clothing.
2026-06-13 15:35:02,487 | INFO | ===============================
2026-06-13 15:35:02,487 | INFO | Example 98:
2026-06-13 15:35:02,487 | INFO | Question:  What national disaster caused Beyonce to create the Survivor Foundation?
2026-06-13 15:35:02,487 | INFO | Context:  After Hurricane Katrina in 2005, Beyoncé and Rowland founded the Survivor Foundation to provide transitional housing for victims in the Houston area, to which Beyoncé contributed an initial $250,000. The foundation has since expanded to work with other charities in the city, and also provided relief following Hurricane Ike three years later.
2026-06-13 15:35:02,487 | INFO | Answer:  Hurricane Katrina
2026-06-13 15:35:06,887 | INFO | Mistral Answer:  Hurricane Katrina, based on the provided context.
2026-06-13 15:35:20,254 | INFO | Pisco Answer:  Hurricane Katrina caused Beyoncé to create the Survivor Foundation. (Document 1 and 2)
2026-06-13 15:35:20,255 | INFO | -------------------------------
2026-06-13 15:35:20,255 | INFO | Mapped Question:  What national disaster caused Amara Voss to create the Haven Foundation?
2026-06-13 15:35:20,255 | INFO | Mapped Context:  After Hurricane Kalina in 2005, Amara Voss and Marin founded the Haven Foundation to provide transitional housing for victims in the Lakeford area, to which Amara Voss contributed an initial $250,000. The foundation has since expanded to work with other charities in the city, and also provided relief following Hurricane Orin three years later.
2026-06-13 15:35:20,255 | INFO | Mapped Answer:  Hurricane Kalina
2026-06-13 15:35:26,571 | INFO | Mapped Mistral Answer:  Hurricane Kalina caused Amara Voss to create the Haven Foundation based on the provided context.
2026-06-13 15:35:38,106 | INFO | Mapped Pisco Answer:  Hurricane Kalina in 2005 caused Amara Voss to create the Haven Foundation.
2026-06-13 15:35:38,106 | INFO | ===============================
2026-06-13 15:35:38,107 | INFO | Example 99:
2026-06-13 15:35:38,107 | INFO | Question:  How much cash did Beyonce put into the venture, the Survivor Foundation at startup?
2026-06-13 15:35:38,107 | INFO | Context:  After Hurricane Katrina in 2005, Beyoncé and Rowland founded the Survivor Foundation to provide transitional housing for victims in the Houston area, to which Beyoncé contributed an initial $250,000. The foundation has since expanded to work with other charities in the city, and also provided relief following Hurricane Ike three years later.
2026-06-13 15:35:38,107 | INFO | Answer:  250,000
2026-06-13 15:35:44,081 | INFO | Mistral Answer:  Beyoncé initially contributed $250,000 to the Survivor Foundation.
2026-06-13 15:35:58,634 | INFO | Pisco Answer:  Beyoncé initially contributed $250,000 to the Survivor Foundation at its startup. (Document 1)
2026-06-13 15:35:58,634 | INFO | -------------------------------
2026-06-13 15:35:58,634 | INFO | Mapped Question:  How much cash did Amara Voss put into the venture, the Haven Foundation at startup?
2026-06-13 15:35:58,634 | INFO | Mapped Context:  After Hurricane Kalina in 2005, Amara Voss and Marin founded the Haven Foundation to provide transitional housing for victims in the Lakeford area, to which Amara Voss contributed an initial $250,000. The foundation has since expanded to work with other charities in the city, and also provided relief following Hurricane Orin three years later.
2026-06-13 15:35:58,634 | INFO | Mapped Answer:  250,000
2026-06-13 15:36:04,974 | INFO | Mapped Mistral Answer:  Amara Voss contributed an initial $250,000 to the Haven Foundation.
2026-06-13 15:36:17,429 | INFO | Mapped Pisco Answer:  Amara Voss contributed an initial $250,000 to the Haven Foundation at its startup.
2026-06-13 15:36:17,429 | INFO | ===============================
2026-06-13 15:36:17,430 | INFO | Example 100:
2026-06-13 15:36:17,430 | INFO | Question:  What hurricane years later after Katrina did the organization provide support for?
2026-06-13 15:36:17,430 | INFO | Context:  After Hurricane Katrina in 2005, Beyoncé and Rowland founded the Survivor Foundation to provide transitional housing for victims in the Houston area, to which Beyoncé contributed an initial $250,000. The foundation has since expanded to work with other charities in the city, and also provided relief following Hurricane Ike three years later.
2026-06-13 15:36:17,430 | INFO | Answer:  Ike
2026-06-13 15:36:23,701 | INFO | Mistral Answer:  The organization provided support following Hurricane Ike, which occurred three years after Hurricane Katrina.
2026-06-13 15:36:42,409 | INFO | Pisco Answer:  The Survivor Foundation provided relief following Hurricane Ike in 2008, in addition to the initial relief efforts after Hurricane Katrina in 2005.
2026-06-13 15:36:42,409 | INFO | -------------------------------
2026-06-13 15:36:42,409 | INFO | Mapped Question:  What hurricane years later after Kellan 24 did the organization provide support for?
2026-06-13 15:36:42,409 | INFO | Mapped Context:  After Hurricane Kalina in 2005, Amara Voss and Marin founded the Haven Foundation to provide transitional housing for victims in the Lakeford area, to which Amara Voss contributed an initial $250,000. The foundation has since expanded to work with other charities in the city, and also provided relief following Hurricane Orin three years later.
2026-06-13 15:36:42,409 | INFO | Mapped Answer:  Ike
2026-06-13 15:36:53,191 | INFO | Mapped Mistral Answer:  I don't know based on the provided context. The context mentions Hurricane Orin, but it doesn't specify the year Hurricane Orin occurred relative to Hurricane Kellan.
2026-06-13 15:37:04,128 | INFO | Mapped Pisco Answer:  The organization provided support after Hurricane Orin in the following year. (Document 1)
2026-06-13 15:37:04,128 | INFO | ===============================
