2026-06-21 15:14:55,650 | INFO | HTTP Request: HEAD https://huggingface.co/datasets/google/granola-entity-questions/resolve/main/README.md "HTTP/1.1 307 Temporary Redirect"
2026-06-21 15:14:55,667 | INFO | HTTP Request: HEAD https://huggingface.co/api/resolve-cache/datasets/google/granola-entity-questions/695e29a15ec509f9e167a920206dad716af5c98d/README.md "HTTP/1.1 200 OK"
2026-06-21 15:14:55,792 | INFO | HTTP Request: HEAD https://huggingface.co/datasets/google/granola-entity-questions/resolve/695e29a15ec509f9e167a920206dad716af5c98d/granola-entity-questions.py "HTTP/1.1 404 Not Found"
2026-06-21 15:14:56,198 | INFO | HTTP Request: HEAD https://s3.amazonaws.com/datasets.huggingface.co/datasets/datasets/google/granola-entity-questions/google/granola-entity-questions.py "HTTP/1.1 404 Not Found"
2026-06-21 15:14:56,418 | INFO | HTTP Request: GET https://huggingface.co/api/datasets/google/granola-entity-questions/revision/695e29a15ec509f9e167a920206dad716af5c98d "HTTP/1.1 200 OK"
2026-06-21 15:14:56,547 | INFO | HTTP Request: HEAD https://huggingface.co/datasets/google/granola-entity-questions/resolve/695e29a15ec509f9e167a920206dad716af5c98d/.huggingface.yaml "HTTP/1.1 404 Not Found"
2026-06-21 15:14:56,785 | INFO | HTTP Request: GET https://datasets-server.huggingface.co/info?dataset=google/granola-entity-questions "HTTP/1.1 200 OK"
2026-06-21 15:14:56,913 | INFO | HTTP Request: GET https://huggingface.co/api/datasets/google/granola-entity-questions/tree/695e29a15ec509f9e167a920206dad716af5c98d/data?recursive=true&expand=false "HTTP/1.1 404 Not Found"
2026-06-21 15:14:57,043 | INFO | HTTP Request: GET https://huggingface.co/api/datasets/google/granola-entity-questions/tree/695e29a15ec509f9e167a920206dad716af5c98d?recursive=false&expand=false "HTTP/1.1 200 OK"
2026-06-21 15:14:57,178 | INFO | HTTP Request: HEAD https://huggingface.co/datasets/google/granola-entity-questions/resolve/695e29a15ec509f9e167a920206dad716af5c98d/dataset_infos.json "HTTP/1.1 404 Not Found"
2026-06-21 15:14:57,344 | INFO | HTTP Request: HEAD https://huggingface.co/mistralai/Mistral-7B-Instruct-v0.2/resolve/main/config.json "HTTP/1.1 307 Temporary Redirect"
2026-06-21 15:14:57,362 | INFO | HTTP Request: HEAD https://huggingface.co/api/resolve-cache/models/mistralai/Mistral-7B-Instruct-v0.2/63a8b081895390a26e140280378bc85ec8bce07a/config.json "HTTP/1.1 200 OK"
2026-06-21 15:14:57,493 | INFO | HTTP Request: HEAD https://huggingface.co/mistralai/Mistral-7B-Instruct-v0.2/resolve/main/tokenizer_config.json "HTTP/1.1 307 Temporary Redirect"
2026-06-21 15:14:57,509 | INFO | HTTP Request: HEAD https://huggingface.co/api/resolve-cache/models/mistralai/Mistral-7B-Instruct-v0.2/63a8b081895390a26e140280378bc85ec8bce07a/tokenizer_config.json "HTTP/1.1 200 OK"
2026-06-21 15:14:57,632 | INFO | HTTP Request: HEAD https://huggingface.co/mistralai/Mistral-7B-Instruct-v0.2/resolve/main/tokenizer_config.json "HTTP/1.1 307 Temporary Redirect"
2026-06-21 15:14:57,651 | INFO | HTTP Request: HEAD https://huggingface.co/api/resolve-cache/models/mistralai/Mistral-7B-Instruct-v0.2/63a8b081895390a26e140280378bc85ec8bce07a/tokenizer_config.json "HTTP/1.1 200 OK"
2026-06-21 15:14:57,774 | INFO | HTTP Request: GET https://huggingface.co/api/models/mistralai/Mistral-7B-Instruct-v0.2/tree/main/additional_chat_templates?recursive=false&expand=false "HTTP/1.1 404 Not Found"
2026-06-21 15:14:57,903 | INFO | HTTP Request: GET https://huggingface.co/api/models/mistralai/Mistral-7B-Instruct-v0.2/tree/main?recursive=true&expand=false "HTTP/1.1 200 OK"
2026-06-21 15:14:58,106 | INFO | HTTP Request: HEAD https://huggingface.co/mistralai/Mistral-7B-Instruct-v0.2/resolve/main/config.json "HTTP/1.1 307 Temporary Redirect"
2026-06-21 15:14:58,128 | INFO | HTTP Request: HEAD https://huggingface.co/api/resolve-cache/models/mistralai/Mistral-7B-Instruct-v0.2/63a8b081895390a26e140280378bc85ec8bce07a/config.json "HTTP/1.1 200 OK"
2026-06-21 15:14:58,260 | INFO | HTTP Request: HEAD https://huggingface.co/mistralai/Mistral-7B-Instruct-v0.2/resolve/main/config.json "HTTP/1.1 307 Temporary Redirect"
2026-06-21 15:14:58,276 | INFO | HTTP Request: HEAD https://huggingface.co/api/resolve-cache/models/mistralai/Mistral-7B-Instruct-v0.2/63a8b081895390a26e140280378bc85ec8bce07a/config.json "HTTP/1.1 200 OK"
2026-06-21 15:15:09,412 | INFO | HTTP Request: HEAD https://huggingface.co/mistralai/Mistral-7B-Instruct-v0.2/resolve/main/generation_config.json "HTTP/1.1 307 Temporary Redirect"
2026-06-21 15:15:09,429 | INFO | HTTP Request: HEAD https://huggingface.co/api/resolve-cache/models/mistralai/Mistral-7B-Instruct-v0.2/63a8b081895390a26e140280378bc85ec8bce07a/generation_config.json "HTTP/1.1 200 OK"
2026-06-21 15:15:09,446 | WARNING | Some parameters are on the meta device because they were offloaded to the cpu.
2026-06-21 15:15:09,451 | INFO | Example 1
2026-06-21 15:15:09,451 | INFO | Question: Who is Jacques Parizeau married to?
2026-06-21 15:15:09,451 | INFO | Answer: Lisette Lapointe
2026-06-21 15:15:09,451 | INFO | Answer Entity Popularity: 100.0
2026-06-21 15:15:09,866 | INFO | --------------------------------------------------------------------------------
2026-06-21 15:15:09,866 | INFO | Reranked passages for Example 1:
2026-06-21 15:15:09,866 | INFO | Reranked rank: 1
2026-06-21 15:15:09,866 | INFO | Original BM25 rank: 34
2026-06-21 15:15:09,866 | INFO | DocID: 1998921
2026-06-21 15:15:09,866 | INFO | Rerank score: 5.3834
2026-06-21 15:15:09,867 | INFO | "Jacques Parizeau" of Quebec independence. He owned an estate at his vineyard in France, a farm in the Eastern Townships of Quebec and a home in Montreal. His biographer is Pierre Duchesne. His wife and former secretary during his premiership, Lisette Lapointe won a seat in the National Assembly as a candidate for the PQ in the provincial riding of Crémazie in the 2007 Quebec general election. In June 2008, along with the other four living former Premiers of Quebec, Parizeau was named a Grand Of
2026-06-21 15:15:09,867 | INFO | --------------------------------------------------------------------------------
2026-06-21 15:15:12,412 | INFO | Mistral Answer: Jacques Parizeau is married to Lisette Lapointe.
2026-06-21 15:15:12,412 | INFO | Mistral answer contains the correct answer string.
2026-06-21 15:15:12,412 | INFO | ================================================================================
2026-06-21 15:15:12,413 | INFO | Example 2
2026-06-21 15:15:12,413 | INFO | Question: Who is Wilfried Seyferth married to?
2026-06-21 15:15:12,413 | INFO | Answer: Eva Ingeborg Scholz
2026-06-21 15:15:12,413 | INFO | Answer Entity Popularity: 109.0
2026-06-21 15:15:12,488 | INFO | No passages retrieved that contain the answer string.
2026-06-21 15:15:12,489 | INFO | ================================================================================
2026-06-21 15:15:12,489 | INFO | Example 3
2026-06-21 15:15:12,489 | INFO | Question: Who is Maria Dyer married to?
2026-06-21 15:15:12,489 | INFO | Answer: Samuel Dyer
2026-06-21 15:15:12,489 | INFO | Answer Entity Popularity: 111.0
2026-06-21 15:15:12,607 | INFO | --------------------------------------------------------------------------------
2026-06-21 15:15:12,607 | INFO | Reranked passages for Example 3:
2026-06-21 15:15:12,607 | INFO | Reranked rank: 1
2026-06-21 15:15:12,607 | INFO | Original BM25 rank: 2
2026-06-21 15:15:12,607 | INFO | DocID: 8022769
2026-06-21 15:15:12,607 | INFO | Rerank score: 7.6028
2026-06-21 15:15:12,607 | INFO | "Samuel Dyer" Ann Aldersey at her school for Chinese girls in Ningbo, Zhejiang. Maria Jane Dyer eventually married James Hudson Taylor, who went on to found the China Inland Mission. She had a strong influence in the beginnings of that agency. Burella Dyer had married a year earlier to John Shaw Burdon, but had died in Shanghai very soon after they were married. Samuel Dyer, Junior succeeded Alexander Wylie with the British and Foreign Bible Society as their agent in China in the 1870s. His tomb
2026-06-21 15:15:12,607 | INFO | --------------------------------------------------------------------------------
2026-06-21 15:15:13,781 | INFO | Mistral Answer: Maria Dyer is married to James Hudson Taylor.
2026-06-21 15:15:13,781 | INFO | Mistral answer does NOT contain the correct answer string.
2026-06-21 15:15:13,781 | INFO | ================================================================================
2026-06-21 15:15:13,781 | INFO | Example 4
2026-06-21 15:15:13,782 | INFO | Question: Who is Errikos Kontarinis married to?
2026-06-21 15:15:13,782 | INFO | Answer: Marika Nezer
2026-06-21 15:15:13,782 | INFO | Answer Entity Popularity: 111.0
2026-06-21 15:15:13,847 | INFO | --------------------------------------------------------------------------------
2026-06-21 15:15:13,847 | INFO | Reranked passages for Example 4:
2026-06-21 15:15:13,847 | INFO | Reranked rank: 1
2026-06-21 15:15:13,847 | INFO | Original BM25 rank: 1
2026-06-21 15:15:13,847 | INFO | DocID: 12529078
2026-06-21 15:15:13,847 | INFO | Rerank score: 6.7666
2026-06-21 15:15:13,847 | INFO | "Marika Nezer" she appeared in several movies. She was married to the actor Errikos Kontarinis. She died on 18 July 1989 and was buried in Vyronas. Marika Nezer Marika Nezer (; 1906 – 18 July 1989) was a Greek actress. She was the daughter of Konstantinos Nezer, brother of Christoforos Nezer (1903–1996) and cousin of Christoforos Nezer (1887–1970) and granddaughter of Christoforos Nezer, fort chief of Athens and an aide-de-camp of King Otto of Greece. She entered the theatrical scene at the age 
2026-06-21 15:15:13,848 | INFO | --------------------------------------------------------------------------------
2026-06-21 15:15:15,448 | INFO | Mistral Answer: Errikos Kontarinis was married to Marika Nezer.
2026-06-21 15:15:15,448 | INFO | Mistral answer contains the correct answer string.
2026-06-21 15:15:15,448 | INFO | ================================================================================
2026-06-21 15:15:15,448 | INFO | Example 5
2026-06-21 15:15:15,448 | INFO | Question: Who is Anne Rud married to?
2026-06-21 15:15:15,448 | INFO | Answer: Henrich Krummedige
2026-06-21 15:15:15,448 | INFO | Answer Entity Popularity: 113.0
2026-06-21 15:15:15,510 | INFO | --------------------------------------------------------------------------------
2026-06-21 15:15:15,510 | INFO | Reranked passages for Example 5:
2026-06-21 15:15:15,510 | INFO | Reranked rank: 1
2026-06-21 15:15:15,510 | INFO | Original BM25 rank: 1
2026-06-21 15:15:15,510 | INFO | DocID: 7862904
2026-06-21 15:15:15,510 | INFO | Rerank score: 2.0380
2026-06-21 15:15:15,510 | INFO | "Otte Brahe" Otte Brahe Otte Brahe (; 2 October 1518 – 9 May 1571) was a Danish (Scanian) nobleman and statesman, who served on the privy council (Rigsraad, ""Council of the Realm""). He was married to Beate Clausdatter Bille and was the father of astronomer Tycho Brahe. Brahe was born in Tosterup to Tyge Brahe and Sophie Rud. He was nephew of Anne Rud and Henrich Krummedige. Brahe married Beate Clausdatter Bille in 1544. Both the Brahes and the Billes were among the most powerful noble families
2026-06-21 15:15:15,510 | INFO | --------------------------------------------------------------------------------
2026-06-21 15:15:17,002 | INFO | Mistral Answer: Anne Rud is not mentioned to be married in the provided context.
2026-06-21 15:15:17,002 | INFO | Mistral answer does NOT contain the correct answer string.
2026-06-21 15:15:17,002 | INFO | ================================================================================
2026-06-21 15:15:17,003 | INFO | Example 6
2026-06-21 15:15:17,003 | INFO | Question: Who is Olga Kennard married to?
2026-06-21 15:15:17,003 | INFO | Answer: Arnold Burgen
2026-06-21 15:15:17,003 | INFO | Answer Entity Popularity: 115.0
2026-06-21 15:15:17,055 | INFO | --------------------------------------------------------------------------------
2026-06-21 15:15:17,055 | INFO | Reranked passages for Example 6:
2026-06-21 15:15:17,055 | INFO | Reranked rank: 1
2026-06-21 15:15:17,055 | INFO | Original BM25 rank: 1
2026-06-21 15:15:17,055 | INFO | DocID: 7362928
2026-06-21 15:15:17,055 | INFO | Rerank score: 8.5392
2026-06-21 15:15:17,055 | INFO | "Olga Kennard" Research on the Structure of Biological Molecules"" in 1988. In recognition of her work, there is the Olga Kennard Research Fellowship in crystallography, administered by the Royal Society. In 1993 she was elected a member of the Academia Europaea In 2003 the University of Cambridge made her a Doctor of Law ""honoris causa"" She is married to Sir Arnold Burgen, her second husband; her first husband was David Kennard, to whom she was married from 1948-1961 having two daughters. Aft
2026-06-21 15:15:17,056 | INFO | --------------------------------------------------------------------------------
2026-06-21 15:15:20,636 | INFO | Mistral Answer: Olga Kennard is currently married to Sir Arnold Burgen, and she was previously married to David Kennard from 1948-1961.
2026-06-21 15:15:20,636 | INFO | Mistral answer contains the correct answer string.
2026-06-21 15:15:20,637 | INFO | ================================================================================
2026-06-21 15:15:20,637 | INFO | Example 7
2026-06-21 15:15:20,637 | INFO | Question: Who is Arnold Burgen married to?
2026-06-21 15:15:20,637 | INFO | Answer: Olga Kennard
2026-06-21 15:15:20,637 | INFO | Answer Entity Popularity: 118.0
2026-06-21 15:15:20,679 | INFO | --------------------------------------------------------------------------------
2026-06-21 15:15:20,679 | INFO | Reranked passages for Example 7:
2026-06-21 15:15:20,679 | INFO | Reranked rank: 1
2026-06-21 15:15:20,679 | INFO | Original BM25 rank: 1
2026-06-21 15:15:20,679 | INFO | DocID: 7337026
2026-06-21 15:15:20,680 | INFO | Rerank score: 9.1712
2026-06-21 15:15:20,680 | INFO | "Arnold Burgen" Arnold Burgen Sir Arnold Stanley Vincent Burgen, FRS (born 20 March 1922) is a retired British physician, pharmacologist, academic and university administrator. He was Master of Darwin College, Cambridge from 1982-89, Deputy Vice-Chancellor of The University of Cambridge from 1985–89, and founding President of the Academia Europæa. He is married to British crystallographer Olga Kennard. Burgen attended Christ's College Finchley, a grammar school in Finchley, north London. He was 
2026-06-21 15:15:20,680 | INFO | --------------------------------------------------------------------------------
2026-06-21 15:15:23,282 | INFO | Mistral Answer: Arnold Burgen is married to British crystallographer Olga Kennard. (Answer derived directly from the context.)
2026-06-21 15:15:23,282 | INFO | Mistral answer contains the correct answer string.
2026-06-21 15:15:23,282 | INFO | ================================================================================
2026-06-21 15:15:23,283 | INFO | Example 8
2026-06-21 15:15:23,283 | INFO | Question: Who is Emperor Taiwu of Northern Wei married to?
2026-06-21 15:15:23,283 | INFO | Answer: Empress Helian
2026-06-21 15:15:23,283 | INFO | Answer Entity Popularity: 123.0
2026-06-21 15:15:23,313 | INFO | --------------------------------------------------------------------------------
2026-06-21 15:15:23,313 | INFO | Reranked passages for Example 8:
2026-06-21 15:15:23,313 | INFO | Reranked rank: 1
2026-06-21 15:15:23,313 | INFO | Original BM25 rank: 22
2026-06-21 15:15:23,313 | INFO | DocID: 7599456
2026-06-21 15:15:23,313 | INFO | Rerank score: 7.5787
2026-06-21 15:15:23,314 | INFO | "Empress Helian" Empress Helian Empress Helian (赫連皇后) (died 453), formally Empress Taiwu (太武皇后), was an empress of the Chinese/Xianbei dynasty Northern Wei. Her husband was Emperor Taiwu. She was a daughter of the Xia's founding emperor Helian Bobo (Emperor Wulie). In 428, during the reign of her brother Helian Chang, Emperor Taiwu led his Northern Wei forces to capture the Xia capital Tongwan (統萬, in modern Yulin, Shaanxi), and while Helian Chang fled, she was captured along with most nobles an
2026-06-21 15:15:23,314 | INFO | --------------------------------------------------------------------------------
2026-06-21 15:15:31,140 | INFO | Mistral Answer: Emperor Taiwu of Northern Wei was married to Empress Helian, who is also known as Empress Taiwu. She is the daughter of Helian Bobo, the founding emperor of the Xia dynasty. They were married after Emperor Taiwu captured the Xia capital and took Empress Helian and her two sisters as imperial consorts.
2026-06-21 15:15:31,140 | INFO | Mistral answer contains the correct answer string.
2026-06-21 15:15:31,140 | INFO | ================================================================================
2026-06-21 15:15:31,141 | INFO | Example 9
2026-06-21 15:15:31,141 | INFO | Question: Who is Queen Dowager Shi married to?
2026-06-21 15:15:31,141 | INFO | Answer: Yang Xingmi
2026-06-21 15:15:31,141 | INFO | Answer Entity Popularity: 123.0
2026-06-21 15:15:31,182 | INFO | --------------------------------------------------------------------------------
2026-06-21 15:15:31,182 | INFO | Reranked passages for Example 9:
2026-06-21 15:15:31,182 | INFO | Reranked rank: 1
2026-06-21 15:15:31,182 | INFO | Original BM25 rank: 2
2026-06-21 15:15:31,183 | INFO | DocID: 15269606
2026-06-21 15:15:31,183 | INFO | Rerank score: 5.2545
2026-06-21 15:15:31,183 | INFO | "Queen Dowager Shi" Queen Dowager Shi Queen Dowager Shi (史太妃, personal name unknown) was a concubine of the late-Tang Dynasty warlord Yang Xingmi and the mother of two of Yang Xingmi's sons, Yang Wo and Yang Longyan (also known as Yang Wei), both of whom would become rulers of the Five Dynasties and Ten Kingdoms period state Wu (known as Hongnong during Yang Wo's reign), and thus was a queen dowager of Wu. It is not known when Lady Shi was born. According to the ""Spring and Autumn Annals of the
2026-06-21 15:15:31,183 | INFO | --------------------------------------------------------------------------------
2026-06-21 15:15:33,808 | INFO | Mistral Answer: Queen Dowager Shi is married to Yang Xingmi, a late-Tang Dynasty warlord.
2026-06-21 15:15:33,808 | INFO | Mistral answer contains the correct answer string.
2026-06-21 15:15:33,808 | INFO | ================================================================================
2026-06-21 15:15:33,809 | INFO | Example 10
2026-06-21 15:15:33,809 | INFO | Question: Who is Henriette Pauss married to?
2026-06-21 15:15:33,809 | INFO | Answer: Bernhard Pauss
2026-06-21 15:15:33,809 | INFO | Answer Entity Popularity: 124.0
2026-06-21 15:15:33,864 | INFO | --------------------------------------------------------------------------------
2026-06-21 15:15:33,864 | INFO | Reranked passages for Example 10:
2026-06-21 15:15:33,864 | INFO | Reranked rank: 1
2026-06-21 15:15:33,864 | INFO | Original BM25 rank: 5
2026-06-21 15:15:33,864 | INFO | DocID: 19009746
2026-06-21 15:15:33,864 | INFO | Rerank score: 7.1460
2026-06-21 15:15:33,864 | INFO | "Henriette Wegner" son Heinrich Benjamin Wegner (1833–1911) was a timber merchant and married Henriette Vibe, a daughter of the classical philologist Ludvig Vibe; her oldest daughter Sophie Wegner (1838–1906) married colonel and aide-de-camp to king Charles Hans Jacob Nørregaard; her youngest daughter Anna Henriette Wegner (1841–1918) married the theologian Bernhard Pauss; her youngest son George Wegner (1847–1881) was a supreme court barrister. She was interred on 30 November 1875 at Gamle Aker
2026-06-21 15:15:33,864 | INFO | --------------------------------------------------------------------------------
2026-06-21 15:15:37,719 | INFO | Mistral Answer: Bernhard Pauss

Explanation:
The context states that Henriette Wegner's youngest daughter Anna Henriette Wegner married Bernhard Pauss.
2026-06-21 15:15:37,720 | INFO | Mistral answer contains the correct answer string.
2026-06-21 15:15:37,720 | INFO | ================================================================================
2026-06-21 15:15:37,720 | INFO | Example 11
2026-06-21 15:15:37,720 | INFO | Question: Who is Fran Myers married to?
2026-06-21 15:15:37,720 | INFO | Answer: Roger Newman
2026-06-21 15:15:37,720 | INFO | Answer Entity Popularity: 124.0
2026-06-21 15:15:37,769 | INFO | No passages retrieved that contain the answer string.
2026-06-21 15:15:37,769 | INFO | ================================================================================
2026-06-21 15:15:37,769 | INFO | Example 12
2026-06-21 15:15:37,769 | INFO | Question: Who is Dante Ferretti married to?
2026-06-21 15:15:37,770 | INFO | Answer: Francesca Lo Schiavo
2026-06-21 15:15:37,770 | INFO | Answer Entity Popularity: 126.0
2026-06-21 15:15:37,810 | INFO | --------------------------------------------------------------------------------
2026-06-21 15:15:37,811 | INFO | Reranked passages for Example 12:
2026-06-21 15:15:37,811 | INFO | Reranked rank: 1
2026-06-21 15:15:37,811 | INFO | Original BM25 rank: 2
2026-06-21 15:15:37,811 | INFO | DocID: 7340057
2026-06-21 15:15:37,811 | INFO | Rerank score: 6.3655
2026-06-21 15:15:37,811 | INFO | "Dante Ferretti" Dante Ferretti Dante Ferretti (, born 26 February 1943) is an Italian production designer, art director and costume designer. Throughout his career, Ferretti has worked with many acclaimed directors, both American and Italian, including Pier Paolo Pasolini, Elio Petri, Federico Fellini, Terry Gilliam, Franco Zeffirelli, Martin Scorsese, Francis Ford Coppola, Anthony Minghella, and Tim Burton. He frequently collaborates with his wife, set decorator Francesca Lo Schiavo. Ferretti 
2026-06-21 15:15:37,811 | INFO | --------------------------------------------------------------------------------
2026-06-21 15:15:40,208 | INFO | Mistral Answer: Dante Ferretti is married to Francesca Lo Schiavo. (Based on the provided context.)
2026-06-21 15:15:40,208 | INFO | Mistral answer contains the correct answer string.
2026-06-21 15:15:40,208 | INFO | ================================================================================
2026-06-21 15:15:40,208 | INFO | Example 13
2026-06-21 15:15:40,208 | INFO | Question: Who is Charles Sanders Peirce married to?
2026-06-21 15:15:40,208 | INFO | Answer: Juliette Peirce
2026-06-21 15:15:40,208 | INFO | Answer Entity Popularity: 131.0
2026-06-21 15:15:40,240 | INFO | --------------------------------------------------------------------------------
2026-06-21 15:15:40,240 | INFO | Reranked passages for Example 13:
2026-06-21 15:15:40,240 | INFO | Reranked rank: 1
2026-06-21 15:15:40,240 | INFO | Original BM25 rank: 34
2026-06-21 15:15:40,240 | INFO | DocID: 9134341
2026-06-21 15:15:40,240 | INFO | Rerank score: 5.9417
2026-06-21 15:15:40,240 | INFO | "Juliette Peirce" and passed away...in the distinction of her devotion."" ""Pierce-Arrow"", by Susan Howe, New Directions, 1999, consists of an essay and poems focusing on Charles and his wife Juliette. The spelling of the title is correct, referring to the old motor car company, as well as punning for example on the Peirce arrow (""formula_1""), logical symbol for ""neither...nor..."". Juliette Peirce Juliette Peirce (; d. October 4, 1934) was the second wife of the mathematician and philosophe
2026-06-21 15:15:40,240 | INFO | --------------------------------------------------------------------------------
2026-06-21 15:15:42,038 | INFO | Mistral Answer: Charles Sanders Peirce was married to Juliette Peirce.
2026-06-21 15:15:42,038 | INFO | Mistral answer contains the correct answer string.
2026-06-21 15:15:42,038 | INFO | ================================================================================
2026-06-21 15:15:42,038 | INFO | Example 14
2026-06-21 15:15:42,038 | INFO | Question: Who is Lars Hanson married to?
2026-06-21 15:15:42,038 | INFO | Answer: Karin Molander
2026-06-21 15:15:42,038 | INFO | Answer Entity Popularity: 133.0
2026-06-21 15:15:42,086 | INFO | --------------------------------------------------------------------------------
2026-06-21 15:15:42,086 | INFO | Reranked passages for Example 14:
2026-06-21 15:15:42,086 | INFO | Reranked rank: 1
2026-06-21 15:15:42,086 | INFO | Original BM25 rank: 1
2026-06-21 15:15:42,086 | INFO | DocID: 6130634
2026-06-21 15:15:42,087 | INFO | Rerank score: 8.6462
2026-06-21 15:15:42,087 | INFO | "Lars Hanson" directed by fellow countryman Victor Sjöström. In 1922, Lars Hanson married the ex-wife of influential director Gustaf Molander, Swedish actress Karin Molander. The couple remained married until Hanson's death in 1965. Hanson's Hollywood career as an actor steadily grew momentum during the 1920s and he was paired with Greta Garbo in two more motion pictures; MGM's 1927 box-office hit ""Flesh and the Devil"", which also starred Garbo's offscreen lover, the successful film actor John
2026-06-21 15:15:42,087 | INFO | --------------------------------------------------------------------------------
2026-06-21 15:15:43,386 | INFO | Mistral Answer: Lars Hanson is married to Karin Molander.
2026-06-21 15:15:43,386 | INFO | Mistral answer contains the correct answer string.
2026-06-21 15:15:43,386 | INFO | ================================================================================
2026-06-21 15:15:43,387 | INFO | Example 15
2026-06-21 15:15:43,387 | INFO | Question: Who is Birgitte Gøye married to?
2026-06-21 15:15:43,387 | INFO | Answer: Herluf Trolle
2026-06-21 15:15:43,387 | INFO | Answer Entity Popularity: 134.0
2026-06-21 15:15:43,422 | INFO | --------------------------------------------------------------------------------
2026-06-21 15:15:43,422 | INFO | Reranked passages for Example 15:
2026-06-21 15:15:43,422 | INFO | Reranked rank: 1
2026-06-21 15:15:43,422 | INFO | Original BM25 rank: 1
2026-06-21 15:15:43,422 | INFO | DocID: 14936674
2026-06-21 15:15:43,422 | INFO | Rerank score: 7.6537
2026-06-21 15:15:43,422 | INFO | "Birgitte Gøye" the queen, the king had professors and bishops investigate the matter and then issued a new law that banned parents from arranging engagements for their minor children. She married courtier Herluf Trolle in 1544. She had no issue, but raised many foster daughters from the nobility in her home and arranged their marriages. In 1565, she founded the Herlufsholm School by donating her estate Skovkloster to it, and functioned as its principal until 1567. She was the county administrat
2026-06-21 15:15:43,422 | INFO | --------------------------------------------------------------------------------
2026-06-21 15:15:45,236 | INFO | Mistral Answer: Birgitte Gøye is married to Herluf Trolle.
2026-06-21 15:15:45,237 | INFO | Mistral answer contains the correct answer string.
2026-06-21 15:15:45,237 | INFO | ================================================================================
2026-06-21 15:15:45,237 | INFO | Example 16
2026-06-21 15:15:45,238 | INFO | Question: Who is Euphrosyne Parepa-Rosa married to?
2026-06-21 15:15:45,238 | INFO | Answer: Carl Rosa
2026-06-21 15:15:45,238 | INFO | Answer Entity Popularity: 136.0
2026-06-21 15:15:45,277 | INFO | --------------------------------------------------------------------------------
2026-06-21 15:15:45,277 | INFO | Reranked passages for Example 16:
2026-06-21 15:15:45,278 | INFO | Reranked rank: 1
2026-06-21 15:15:45,278 | INFO | Original BM25 rank: 1
2026-06-21 15:15:45,278 | INFO | DocID: 11030986
2026-06-21 15:15:45,278 | INFO | Rerank score: 9.1331
2026-06-21 15:15:45,278 | INFO | "Euphrosyne Parepa-Rosa" Euphrosyne Parepa-Rosa Euphrosyne Parepa-Rosa (7 May 1836 – 21 January 1874) was a British operatic soprano who established the Carl Rosa Opera Company together with her husband Carl Rosa. Parepa's aristocratic father died soon after her birth, and her mother turned to the stage to support them. Parepa made her operatic debut in 1855, at age 16, and soon earned enthusiastic reviews in the major London opera houses. In 1867, the widowed Parosa married the violinist and co
2026-06-21 15:15:45,278 | INFO | --------------------------------------------------------------------------------
2026-06-21 15:15:47,285 | INFO | Mistral Answer: Euphrosyne Parepa-Rosa is married to Carl Rosa.
2026-06-21 15:15:47,285 | INFO | Mistral answer contains the correct answer string.
2026-06-21 15:15:47,285 | INFO | ================================================================================
2026-06-21 15:15:47,285 | INFO | Example 17
2026-06-21 15:15:47,285 | INFO | Question: Who is Ngapoi Ngawang Jigme married to?
2026-06-21 15:15:47,286 | INFO | Answer: Ngapoi Cedain Zhoigar
2026-06-21 15:15:47,286 | INFO | Answer Entity Popularity: 137.0
2026-06-21 15:15:47,306 | INFO | No passages retrieved that contain the answer string.
2026-06-21 15:15:47,306 | INFO | ================================================================================
2026-06-21 15:15:47,306 | INFO | Example 18
2026-06-21 15:15:47,306 | INFO | Question: Who is Shushanik married to?
2026-06-21 15:15:47,306 | INFO | Answer: Varsken of Gogarene
2026-06-21 15:15:47,306 | INFO | Answer Entity Popularity: 143.0
2026-06-21 15:15:47,328 | INFO | No passages retrieved that contain the answer string.
2026-06-21 15:15:47,328 | INFO | ================================================================================
2026-06-21 15:15:47,328 | INFO | Example 19
2026-06-21 15:15:47,328 | INFO | Question: Who is Princess Li Jingshou married to?
2026-06-21 15:15:47,328 | INFO | Answer: Juqu Mujian
2026-06-21 15:15:47,328 | INFO | Answer Entity Popularity: 144.0
2026-06-21 15:15:47,369 | INFO | --------------------------------------------------------------------------------
2026-06-21 15:15:47,369 | INFO | Reranked passages for Example 19:
2026-06-21 15:15:47,370 | INFO | Reranked rank: 1
2026-06-21 15:15:47,370 | INFO | Original BM25 rank: 1
2026-06-21 15:15:47,370 | INFO | DocID: 7721824
2026-06-21 15:15:47,370 | INFO | Rerank score: 8.9825
2026-06-21 15:15:47,370 | INFO | "Princess Li Jingshou" wanted to marry his sister Princess Wuwei to Juqu Mujian. Juqu Mujian was therefore forced to divorce Princess Li, and she and her mother Princess Dowager Yin were relocated from the Northern Liang capital Guzang (姑臧, in modern Wuwei, Gansu) to Jiuquan. Princess Li soon died. Princess Li Jingshou Princess Li Jingshou (李敬受) (died 437?) was a princess of the Chinese/Xiongnu state Northern Liang. Her husband was Juqu Mujian (Prince Ai). Li Jingshou was the daughter of the Wes
2026-06-21 15:15:47,370 | INFO | --------------------------------------------------------------------------------
2026-06-21 15:15:48,964 | INFO | Mistral Answer: Princess Li Jingshou was married to Juqu Mujian.
2026-06-21 15:15:48,964 | INFO | Mistral answer contains the correct answer string.
2026-06-21 15:15:48,964 | INFO | ================================================================================
2026-06-21 15:15:48,965 | INFO | Example 20
2026-06-21 15:15:48,965 | INFO | Question: Who is Milton Resnick married to?
2026-06-21 15:15:48,965 | INFO | Answer: Pat Passlof
2026-06-21 15:15:48,965 | INFO | Answer Entity Popularity: 145.0
2026-06-21 15:15:48,993 | INFO | --------------------------------------------------------------------------------
2026-06-21 15:15:48,993 | INFO | Reranked passages for Example 20:
2026-06-21 15:15:48,993 | INFO | Reranked rank: 1
2026-06-21 15:15:48,993 | INFO | Original BM25 rank: 1
2026-06-21 15:15:48,993 | INFO | DocID: 16115288
2026-06-21 15:15:48,993 | INFO | Rerank score: 6.9497
2026-06-21 15:15:48,993 | INFO | "Pat Passlof" in the novel ""The Longest Ride by Nicholas Sparks and inspired by Black Mountain College and in turn the movie made from the book also named The Longest Ride. Passlof was married to painter Milton Resnick, who died in 2004. Passlof died of cancer on November 13, 2011 in New York City, New York. She was 83. A long-planned exhibition of her paintings opened at the Elizabeth Harris Gallery in Chelsea, NY six days after her death. The Milton Resnick and Pat Passlof Foundation was esta
2026-06-21 15:15:48,993 | INFO | --------------------------------------------------------------------------------
2026-06-21 15:15:50,351 | INFO | Mistral Answer: Milton Resnick was married to Pat Passlof.
2026-06-21 15:15:50,351 | INFO | Mistral answer contains the correct answer string.
2026-06-21 15:15:50,351 | INFO | ================================================================================
2026-06-21 15:15:50,351 | INFO | Example 21
2026-06-21 15:15:50,351 | INFO | Question: Who is Henry Hudson Kitson married to?
2026-06-21 15:15:50,351 | INFO | Answer: Theo Alice Ruggles Kitson
2026-06-21 15:15:50,351 | INFO | Answer Entity Popularity: 147.0
2026-06-21 15:15:50,391 | INFO | --------------------------------------------------------------------------------
2026-06-21 15:15:50,391 | INFO | Reranked passages for Example 21:
2026-06-21 15:15:50,391 | INFO | Reranked rank: 1
2026-06-21 15:15:50,391 | INFO | Original BM25 rank: 2
2026-06-21 15:15:50,391 | INFO | DocID: 6966305
2026-06-21 15:15:50,391 | INFO | Rerank score: 7.7313
2026-06-21 15:15:50,392 | INFO | "Henry Hudson Kitson" His students included portrait sculptor Leila Usher. John William Kitson died in 1888 and Samuel James had returned to Boston after a stay in Washington DC. The youngest brother Robert Lewellen Kitson a water-colorist joined his older brothers in Boston about 1902. In 1893, Henry married Theo Alice Ruggles, a former student of his, who went on to have a successful career of her own as Theo Alice Ruggles Kitson. Theo and Harry had three children: Theo (called Babs), John, wh
2026-06-21 15:15:50,392 | INFO | --------------------------------------------------------------------------------
2026-06-21 15:15:51,966 | INFO | Mistral Answer: Henry Hudson Kitson is married to Theo Alice Ruggles.
2026-06-21 15:15:51,966 | INFO | Mistral answer does NOT contain the correct answer string.
2026-06-21 15:15:51,967 | INFO | ================================================================================
2026-06-21 15:15:51,967 | INFO | Example 22
2026-06-21 15:15:51,967 | INFO | Question: Who is Sture Lagerwall married to?
2026-06-21 15:15:51,967 | INFO | Answer: Guje Lagerwall
2026-06-21 15:15:51,967 | INFO | Answer Entity Popularity: 152.0
2026-06-21 15:15:51,992 | INFO | No passages retrieved that contain the answer string.
2026-06-21 15:15:51,992 | INFO | ================================================================================
2026-06-21 15:15:51,992 | INFO | Example 23
2026-06-21 15:15:51,992 | INFO | Question: Who is Ashot Taronites married to?
2026-06-21 15:15:51,993 | INFO | Answer: Miroslava of Bulgaria
2026-06-21 15:15:51,993 | INFO | Answer Entity Popularity: 156.0
2026-06-21 15:15:52,020 | INFO | --------------------------------------------------------------------------------
2026-06-21 15:15:52,020 | INFO | Reranked passages for Example 23:
2026-06-21 15:15:52,021 | INFO | Reranked rank: 1
2026-06-21 15:15:52,021 | INFO | Original BM25 rank: 4
2026-06-21 15:15:52,021 | INFO | DocID: 8823258
2026-06-21 15:15:52,021 | INFO | Rerank score: 5.5941
2026-06-21 15:15:52,021 | INFO | "Miroslava of Bulgaria" Miroslava of Bulgaria Miroslava () was one of the daughters of tsar Samuil of Bulgaria and Agatha. Princess Miroslava fell in love with the Byzantine noble captive Ashot Taronites, who was of Armenian origin, and threatened to commit suicide if she was not allowed to marry him. Samuel conceded and appointed Ashot governor of Dyrrhachium. Later Ashot made contact with the local Byzantines and the influential John Chryselios, Samuel's father-in-law. Ashot and Miroslava boar
2026-06-21 15:15:52,021 | INFO | --------------------------------------------------------------------------------
2026-06-21 15:16:01,085 | INFO | Mistral Answer: Miroslava of Bulgaria, who is mentioned in the context, is married to Ashot Taronites. Therefore, the answer to the question is Miroslava. However, since the question asks about Ashot's marriage partner, the correct answer should be "Miroslava of Bulgaria." So, the answer is: Ashot Taronites is married to Miroslava of Bulgaria.
2026-06-21 15:16:01,085 | INFO | Mistral answer contains the correct answer string.
2026-06-21 15:16:01,085 | INFO | ================================================================================
2026-06-21 15:16:01,085 | INFO | Example 24
2026-06-21 15:16:01,085 | INFO | Question: Who is Kamila Andini married to?
2026-06-21 15:16:01,086 | INFO | Answer: Ifa Isfansyah
2026-06-21 15:16:01,086 | INFO | Answer Entity Popularity: 158.0
2026-06-21 15:16:01,115 | INFO | --------------------------------------------------------------------------------
2026-06-21 15:16:01,115 | INFO | Reranked passages for Example 24:
2026-06-21 15:16:01,115 | INFO | Reranked rank: 1
2026-06-21 15:16:01,115 | INFO | Original BM25 rank: 1
2026-06-21 15:16:01,115 | INFO | DocID: 17052878
2026-06-21 15:16:01,115 | INFO | Rerank score: 7.4106
2026-06-21 15:16:01,115 | INFO | "Kamila Andini" mirrors to try to find her lost father. It received numerous awards both domestically and internationally, including a Best Director nomination for Andini at the 2011 Indonesian Film Festival (IFF) and a win in the same category at the following year's Bandung Film Festival. In March 2012 Andini married fellow director Ifa Isfansyah. His 2011 film ""Sang Penari"" (""The Dancer"") had provided stiff competition to ""The Mirror Never Lies"" at the IFF. In May of that year she state
2026-06-21 15:16:01,115 | INFO | --------------------------------------------------------------------------------
2026-06-21 15:16:03,003 | INFO | Mistral Answer: Kamila Andini is married to fellow director Ifa Isfansyah.
2026-06-21 15:16:03,003 | INFO | Mistral answer contains the correct answer string.
2026-06-21 15:16:03,003 | INFO | ================================================================================
2026-06-21 15:16:03,003 | INFO | Example 25
2026-06-21 15:16:03,003 | INFO | Question: Who is Helvidius Priscus married to?
2026-06-21 15:16:03,003 | INFO | Answer: Fannia
2026-06-21 15:16:03,003 | INFO | Answer Entity Popularity: 158.0
2026-06-21 15:16:03,032 | INFO | --------------------------------------------------------------------------------
2026-06-21 15:16:03,032 | INFO | Reranked passages for Example 25:
2026-06-21 15:16:03,032 | INFO | Reranked rank: 1
2026-06-21 15:16:03,032 | INFO | Original BM25 rank: 2
2026-06-21 15:16:03,032 | INFO | DocID: 2579512
2026-06-21 15:16:03,032 | INFO | Rerank score: 7.9556
2026-06-21 15:16:03,032 | INFO | "Helvidius Priscus" He probably also had a granddaughter, Helvidia Priscilla, who married Lucius Vipstanus Poplicola Messalla. Through her, he has known descendants into at least the 6th century. Helvidius Priscus Helvidius Priscus, Stoic philosopher and statesman, lived during the reigns of Nero, Galba, Otho, Vitellius and Vespasian. Like his father-in-law, Thrasea Paetus, whose daughter Fannia he had taken as his second wife, Priscus was distinguished for his ardent and courageous republicanis
2026-06-21 15:16:03,032 | INFO | --------------------------------------------------------------------------------
2026-06-21 15:16:09,013 | INFO | Mistral Answer: Helvidius Priscus is married to Fannia, the daughter of Thrasea Paetus, according to the context. He also had a granddaughter, Helvidia Priscilla, who married Lucius Vipstanus Poplicola Messalla.
2026-06-21 15:16:09,013 | INFO | Mistral answer contains the correct answer string.
2026-06-21 15:16:09,013 | INFO | ================================================================================
2026-06-21 15:16:09,014 | INFO | Example 26
2026-06-21 15:16:09,014 | INFO | Question: Who is Atia married to?
2026-06-21 15:16:09,014 | INFO | Answer: Lucius Marcius Philippus
2026-06-21 15:16:09,014 | INFO | Answer Entity Popularity: 158.0
2026-06-21 15:16:09,037 | INFO | --------------------------------------------------------------------------------
2026-06-21 15:16:09,037 | INFO | Reranked passages for Example 26:
2026-06-21 15:16:09,037 | INFO | Reranked rank: 1
2026-06-21 15:16:09,037 | INFO | Original BM25 rank: 1
2026-06-21 15:16:09,037 | INFO | DocID: 7307167
2026-06-21 15:16:09,037 | INFO | Rerank score: 7.5051
2026-06-21 15:16:09,038 | INFO | "Julia Minor (sister of Caesar)" (fourth wife of triumvir Mark Antony) and of first Emperor Augustus. Atia Balba Caesonia' sister, Atia Balba Prima (or Atia Balba Tertia) was the wife of Lucius Marcius Philippus. Their daughter, Marcia, later married to Paullus Fabius Maximus and bore him a son, Paullus Fabius Persicus. Fabia Numantina was either Marcia's daughter with Maximus or a daughter of his brother Africanus Fabius Maximus. Another Atia, who may have been her daughter or her husband's dau
2026-06-21 15:16:09,038 | INFO | --------------------------------------------------------------------------------
2026-06-21 15:16:11,143 | INFO | Mistral Answer: Atia is married to Gaius Junius Silanus, according to the context.
2026-06-21 15:16:11,143 | INFO | Mistral answer does NOT contain the correct answer string.
2026-06-21 15:16:11,143 | INFO | ================================================================================
2026-06-21 15:16:11,144 | INFO | Example 27
2026-06-21 15:16:11,144 | INFO | Question: Who is Sabine Thalbach married to?
2026-06-21 15:16:11,144 | INFO | Answer: Benno Besson
2026-06-21 15:16:11,144 | INFO | Answer Entity Popularity: 159.0
2026-06-21 15:16:11,170 | INFO | No passages retrieved that contain the answer string.
2026-06-21 15:16:11,170 | INFO | ================================================================================
2026-06-21 15:16:11,170 | INFO | Example 28
2026-06-21 15:16:11,170 | INFO | Question: Who is Ariadna Scriabina married to?
2026-06-21 15:16:11,170 | INFO | Answer: Dovid Knut
2026-06-21 15:16:11,170 | INFO | Answer Entity Popularity: 162.0
2026-06-21 15:16:11,191 | INFO | --------------------------------------------------------------------------------
2026-06-21 15:16:11,191 | INFO | Reranked passages for Example 28:
2026-06-21 15:16:11,191 | INFO | Reranked rank: 1
2026-06-21 15:16:11,191 | INFO | Original BM25 rank: 22
2026-06-21 15:16:11,191 | INFO | DocID: 16886785
2026-06-21 15:16:11,192 | INFO | Rerank score: 7.5201
2026-06-21 15:16:11,192 | INFO | "Ariadna Scriabina" she wrote and published poetry. She married three times, last time with poet Dovid Knut (real name Duvid Meerovich Fiksman). Together with her husband she supported the ideas of Revisionist Zionism. She was baptised in an Orthodox rite as a child, but later converted to Judaism taking the Hebrew name Sarah. During the German occupation of France, she was the organizer and active member of the Jewish resistance in the south of the country. She was killed in Toulouse by a milic
2026-06-21 15:16:11,192 | INFO | --------------------------------------------------------------------------------
2026-06-21 15:16:15,163 | INFO | Mistral Answer: Ariadna Scriabina was married three times. Her last husband was poet Dovid Knut (real name Duvid Meerovich Fiksman).
2026-06-21 15:16:15,163 | INFO | Mistral answer contains the correct answer string.
2026-06-21 15:16:15,163 | INFO | ================================================================================
2026-06-21 15:16:15,163 | INFO | Example 29
2026-06-21 15:16:15,163 | INFO | Question: Who is Marie-Claude Vaillant-Couturier married to?
2026-06-21 15:16:15,163 | INFO | Answer: Pierre Villon
2026-06-21 15:16:15,163 | INFO | Answer Entity Popularity: 164.0
2026-06-21 15:16:15,195 | INFO | --------------------------------------------------------------------------------
2026-06-21 15:16:15,195 | INFO | Reranked passages for Example 29:
2026-06-21 15:16:15,195 | INFO | Reranked rank: 1
2026-06-21 15:16:15,195 | INFO | Original BM25 rank: 14
2026-06-21 15:16:15,195 | INFO | DocID: 9673921
2026-06-21 15:16:15,195 | INFO | Rerank score: 8.0327
2026-06-21 15:16:15,195 | INFO | "Marie-Claude Vaillant-Couturier" and a clandestine edition of ""L'Humanité"" with Pierre Villon (her second husband, whom she married in 1949). She strengthened the relationship between the civil resistance (Committee of National Front Intellectuals to fight for the Independence of France) and the military resistance (the ""Organization spéciale"" (OS), which later became the ""Franc-tireurs et Partisans Français"" (FTPF), French Snipers and Partisans. She even transported explosives. She was a
2026-06-21 15:16:15,195 | INFO | --------------------------------------------------------------------------------
2026-06-21 15:16:17,304 | INFO | Mistral Answer: Marie-Claude Vaillant-Couturier is married to Pierre Villon.
2026-06-21 15:16:17,304 | INFO | Mistral answer contains the correct answer string.
2026-06-21 15:16:17,304 | INFO | ================================================================================
2026-06-21 15:16:17,304 | INFO | Example 30
2026-06-21 15:16:17,304 | INFO | Question: Who is Louise Homer married to?
2026-06-21 15:16:17,305 | INFO | Answer: Sidney Homer, Sr.
2026-06-21 15:16:17,305 | INFO | Answer Entity Popularity: 164.0
2026-06-21 15:16:17,341 | INFO | --------------------------------------------------------------------------------
2026-06-21 15:16:17,341 | INFO | Reranked passages for Example 30:
2026-06-21 15:16:17,341 | INFO | Reranked rank: 1
2026-06-21 15:16:17,341 | INFO | Original BM25 rank: 5
2026-06-21 15:16:17,341 | INFO | DocID: 9752825
2026-06-21 15:16:17,341 | INFO | Rerank score: 3.5869
2026-06-21 15:16:17,341 | INFO | "Sidney Homer" Sidney Homer Sidney Homer, Sr. (9 December 1864 – 10 July 1953) was a classical composer, primarily of songs. Homer was the youngest child born to deaf parents in Boston, Massachusetts on December 9, 1864 (some sources use 1865). He attended the 1884 class of Phillips Academy in Andover, Massachusetts, but did not attend college. He married contralto Louise Dilworth Beatty in 1895. Sidney Homer died on July 10, 1953 in Winter Park, Florida. Sidney Homer's influence included his me
2026-06-21 15:16:17,341 | INFO | --------------------------------------------------------------------------------
2026-06-21 15:16:19,551 | INFO | Mistral Answer: Louise Homer is married to Sidney Homer, Sr. (as mentioned in the context).
2026-06-21 15:16:19,551 | INFO | Mistral answer contains the correct answer string.
2026-06-21 15:16:19,551 | INFO | ================================================================================
2026-06-21 15:16:19,552 | INFO | Example 31
2026-06-21 15:16:19,552 | INFO | Question: Who is Margaret Holles, Duchess of Newcastle-upon-Tyne married to?
2026-06-21 15:16:19,552 | INFO | Answer: John Holles, 1st Duke of Newcastle
2026-06-21 15:16:19,552 | INFO | Answer Entity Popularity: 167.0
2026-06-21 15:16:19,585 | INFO | --------------------------------------------------------------------------------
2026-06-21 15:16:19,585 | INFO | Reranked passages for Example 31:
2026-06-21 15:16:19,585 | INFO | Reranked rank: 1
2026-06-21 15:16:19,585 | INFO | Original BM25 rank: 3
2026-06-21 15:16:19,585 | INFO | DocID: 6393182
2026-06-21 15:16:19,585 | INFO | Rerank score: 7.9021
2026-06-21 15:16:19,585 | INFO | "John Holles, 1st Duke of Newcastle" the 1st Duke of Newcastle-upon-Tyne, of the 2nd creation, in 1694. The Duke of Newcastle-upon-Tyne is a title which was created three times in British history. The first creation had become extinct when Henry Cavendish, 2nd Duke of Newcastle-upon-Tyne died with out a male heir. On 1 March 1690, he married Lady Margaret Cavendish, a daughter of Henry Cavendish. They had one child, Lady Henrietta Cavendish Holles (1694–1755), who married the 2nd Earl of Oxford 
2026-06-21 15:16:19,585 | INFO | --------------------------------------------------------------------------------
2026-06-21 15:16:22,798 | INFO | Mistral Answer: Margaret Holles, Duchess of Newcastle-upon-Tyne was married to the 2nd Earl of Oxford and Mortimer.
2026-06-21 15:16:22,798 | INFO | Mistral answer does NOT contain the correct answer string.
2026-06-21 15:16:22,798 | INFO | ================================================================================
2026-06-21 15:16:22,799 | INFO | Example 32
2026-06-21 15:16:22,799 | INFO | Question: Who is Marija Lastauskienė married to?
2026-06-21 15:16:22,799 | INFO | Answer: Vaclau Lastouski
2026-06-21 15:16:22,799 | INFO | Answer Entity Popularity: 171.0
2026-06-21 15:16:22,827 | INFO | --------------------------------------------------------------------------------
2026-06-21 15:16:22,827 | INFO | Reranked passages for Example 32:
2026-06-21 15:16:22,827 | INFO | Reranked rank: 1
2026-06-21 15:16:22,827 | INFO | Original BM25 rank: 1
2026-06-21 15:16:22,827 | INFO | DocID: 13419288
2026-06-21 15:16:22,827 | INFO | Rerank score: 8.5999
2026-06-21 15:16:22,827 | INFO | "Marija Lastauskienė" Marija Lastauskienė Marija Lastauskienė ""née"" Ivanauskaitė () (15 May 1872 in Šiauliai – 19 July 1957 in Kaunas) and her sister Sofija Pšibiliauskienė were Lithuanian sisters who wrote under the shared pen name ""Lazdynų Pelėda"" (""Hazel Owl""). Marija married Belarusian literary critic and politician Vaclau Lastouski (Lastauskas), but divorced after a few years. Born in Šiauliai, Lastauskienė grew up and spent her youth in a family estate in Paragiai. Her father was pa
2026-06-21 15:16:22,827 | INFO | --------------------------------------------------------------------------------
2026-06-21 15:16:25,273 | INFO | Mistral Answer: Marija Lastauskienė was married to Vaclau Lastouski (Lastauskas).
2026-06-21 15:16:25,273 | INFO | Mistral answer contains the correct answer string.
2026-06-21 15:16:25,273 | INFO | ================================================================================
2026-06-21 15:16:25,273 | INFO | Example 33
2026-06-21 15:16:25,273 | INFO | Question: Who is Johannes Heesters married to?
2026-06-21 15:16:25,274 | INFO | Answer: Louisa Ghijs
2026-06-21 15:16:25,274 | INFO | Answer Entity Popularity: 177.0
2026-06-21 15:16:25,300 | INFO | --------------------------------------------------------------------------------
2026-06-21 15:16:25,301 | INFO | Reranked passages for Example 33:
2026-06-21 15:16:25,301 | INFO | Reranked rank: 1
2026-06-21 15:16:25,301 | INFO | Original BM25 rank: 4
2026-06-21 15:16:25,301 | INFO | DocID: 2259127
2026-06-21 15:16:25,301 | INFO | Rerank score: 6.0436
2026-06-21 15:16:25,301 | INFO | "Johannes Heesters" he had failed to understand the show's satirical nature. Heesters played smaller roles in his last years, as he began to lose his eyesight due to macular degeneration and could not perform on stage for long periods of times. Unable to read a teleprompter, he had to memorize his lines before a show. He played in the 2011 short film ""Ten"" as Simon Petrus and made his last stage appearance on 31 October 2011 in Munich. Heesters had two daughters by his first wife Louisa Ghijs,
2026-06-21 15:16:25,301 | INFO | --------------------------------------------------------------------------------
2026-06-21 15:16:33,225 | INFO | Mistral Answer: Johannes Heesters was married to Louisa Ghijs from 1930 until her death in 1985. After her death, he remarried in 1992. Therefore, the answer to the question is: He was married to Louisa Ghijs until her death and then remarried in 1992.
2026-06-21 15:16:33,225 | INFO | Mistral answer contains the correct answer string.
2026-06-21 15:16:33,225 | INFO | ================================================================================
2026-06-21 15:16:33,226 | INFO | Example 34
2026-06-21 15:16:33,226 | INFO | Question: Who is Sarah Lyttelton, Baroness Lyttelton married to?
2026-06-21 15:16:33,226 | INFO | Answer: William Lyttelton, 3rd Baron Lyttelton
2026-06-21 15:16:33,226 | INFO | Answer Entity Popularity: 177.0
2026-06-21 15:16:33,259 | INFO | --------------------------------------------------------------------------------
2026-06-21 15:16:33,259 | INFO | Reranked passages for Example 34:
2026-06-21 15:16:33,259 | INFO | Reranked rank: 1
2026-06-21 15:16:33,259 | INFO | Original BM25 rank: 1
2026-06-21 15:16:33,260 | INFO | DocID: 12750233
2026-06-21 15:16:33,260 | INFO | Rerank score: 10.4258
2026-06-21 15:16:33,260 | INFO | "Sarah Lyttelton, Baroness Lyttelton" Sarah Lyttelton, Baroness Lyttelton Sarah Lyttelton, Baroness Lyttelton (""née"" Spencer) (29 July 1787 – 13 April 1870) was a British courtier, governess to Edward VII of the United Kingdom, and wife of William Lyttelton, 3rd Baron Lyttelton. She was born Lady Sarah Spencer at the Spencer seat of Althorp in Northamptonshire on 29 July 1787, and was the eldest daughter of the Whig politician Sir George Spencer, 2nd Earl Spencer (1758–1834) and Lady Lavinia B
2026-06-21 15:16:33,260 | INFO | --------------------------------------------------------------------------------
2026-06-21 15:16:36,722 | INFO | Mistral Answer: Sarah Lyttelton, Baroness Lyttelton was married to Sir William Henry Lyttelton, 3rd Baron Lyttelton.
2026-06-21 15:16:36,723 | INFO | Mistral answer does NOT contain the correct answer string.
2026-06-21 15:16:36,723 | INFO | ================================================================================
2026-06-21 15:16:36,723 | INFO | Example 35
2026-06-21 15:16:36,723 | INFO | Question: Who is Hypermnestra married to?
2026-06-21 15:16:36,723 | INFO | Answer: Lynceus
2026-06-21 15:16:36,723 | INFO | Answer Entity Popularity: 179.0
2026-06-21 15:16:36,755 | INFO | --------------------------------------------------------------------------------
2026-06-21 15:16:36,755 | INFO | Reranked passages for Example 35:
2026-06-21 15:16:36,755 | INFO | Reranked rank: 1
2026-06-21 15:16:36,755 | INFO | Original BM25 rank: 4
2026-06-21 15:16:36,755 | INFO | DocID: 21175
2026-06-21 15:16:36,755 | INFO | Rerank score: 6.2797
2026-06-21 15:16:36,755 | INFO | Aeschylus their husbands as ordered; Hypermnestra, however, loved her husband Lynceus, and thus spared his life and helped him to escape. Angered by his daughter's disobedience, Danaus orders her imprisonment and, possibly, her execution. In the trilogy's climax and dénouement, Lynceus reveals himself to Danaus, and kills him (thus fulfilling the oracle). He and Hypermnestra will establish a ruling dynasty in Argos. The other forty-nine Danaids are absolved of their murderous crime, and married 
2026-06-21 15:16:36,755 | INFO | --------------------------------------------------------------------------------
2026-06-21 15:16:45,002 | INFO | Mistral Answer: Based on the provided context, Hypermnestra is not explicitly stated to be married to anyone after the events of the trilogy. However, it is mentioned that Lynceus, whom she helped escape, establishes a ruling dynasty in Argos with her. It's possible that they may have been together in some capacity, but the text does not confirm a marriage.
2026-06-21 15:16:45,003 | INFO | Mistral answer contains the correct answer string.
2026-06-21 15:16:45,003 | INFO | ================================================================================
2026-06-21 15:16:45,003 | INFO | Example 36
2026-06-21 15:16:45,003 | INFO | Question: Who is Elena Firsova married to?
2026-06-21 15:16:45,003 | INFO | Answer: Dmitri Smirnov
2026-06-21 15:16:45,003 | INFO | Answer Entity Popularity: 180.0
2026-06-21 15:16:45,040 | INFO | --------------------------------------------------------------------------------
2026-06-21 15:16:45,040 | INFO | Reranked passages for Example 36:
2026-06-21 15:16:45,041 | INFO | Reranked rank: 1
2026-06-21 15:16:45,041 | INFO | Original BM25 rank: 1
2026-06-21 15:16:45,041 | INFO | DocID: 7121817
2026-06-21 15:16:45,041 | INFO | Rerank score: 8.0900
2026-06-21 15:16:45,041 | INFO | "Elena Firsova" Elena Firsova Elena Olegovna Firsova (; also ""Yelena"" or ""Jelena Firssowa""; born 21 March 1950, Leningrad) is a Russian composer. Firsova was born in Leningrad into the family of physicists Oleg Firsov and Viktoria Lichko. She studied music in Moscow with Alexander Pirumov, Yuri Kholopov, Edison Denisov and Philip Herschkowitz. In 1979 she was blacklisted as one of the ""Khrennikov's Seven"" at the Sixth Congress of the Union of Soviet Composers for unapproved participation i
2026-06-21 15:16:45,041 | INFO | --------------------------------------------------------------------------------
2026-06-21 15:16:46,954 | INFO | Mistral Answer: Elena Firsova is married to the composer Dmitri Smirnov.
2026-06-21 15:16:46,954 | INFO | Mistral answer contains the correct answer string.
2026-06-21 15:16:46,954 | INFO | ================================================================================
2026-06-21 15:16:46,954 | INFO | Example 37
2026-06-21 15:16:46,955 | INFO | Question: Who is Blair Hughes-Stanton married to?
2026-06-21 15:16:46,955 | INFO | Answer: Gertrude Hermes
2026-06-21 15:16:46,955 | INFO | Answer Entity Popularity: 180.0
2026-06-21 15:16:46,990 | INFO | --------------------------------------------------------------------------------
2026-06-21 15:16:46,990 | INFO | Reranked passages for Example 37:
2026-06-21 15:16:46,990 | INFO | Reranked rank: 1
2026-06-21 15:16:46,990 | INFO | Original BM25 rank: 8
2026-06-21 15:16:46,990 | INFO | DocID: 16385704
2026-06-21 15:16:46,990 | INFO | Rerank score: 7.6953
2026-06-21 15:16:46,990 | INFO | "Blair Hughes-Stanton" Beasts and Flowers"" (1930). In 1925 he fell in love with Gertrude Hermes, a fellow student at Brook Green and another member of the Underwood inner circle. In 1926 he sold his copy of ""The Seven Pillars of Wisdom"" for £100 and married her. They had two children, Judith (born 1927) and Simon (born 1928). In 1930 Hughes-Stanton and Hermes, along with William McCance and Agnes Miller Parker, were appointed in various capacities to the artistic and business management of th
2026-06-21 15:16:46,990 | INFO | --------------------------------------------------------------------------------
2026-06-21 15:16:48,713 | INFO | Mistral Answer: Blair Hughes-Stanton is married to Gertrude Hermes.
2026-06-21 15:16:48,713 | INFO | Mistral answer contains the correct answer string.
2026-06-21 15:16:48,713 | INFO | ================================================================================
2026-06-21 15:16:48,714 | INFO | Example 38
2026-06-21 15:16:48,714 | INFO | Question: Who is Frøydis Armand married to?
2026-06-21 15:16:48,714 | INFO | Answer: Helge Jordal
2026-06-21 15:16:48,714 | INFO | Answer Entity Popularity: 181.0
2026-06-21 15:16:48,744 | INFO | --------------------------------------------------------------------------------
2026-06-21 15:16:48,744 | INFO | Reranked passages for Example 38:
2026-06-21 15:16:48,744 | INFO | Reranked rank: 1
2026-06-21 15:16:48,744 | INFO | Original BM25 rank: 1
2026-06-21 15:16:48,744 | INFO | DocID: 11647394
2026-06-21 15:16:48,744 | INFO | Rerank score: 7.5439
2026-06-21 15:16:48,745 | INFO | "Frøydis Armand" Frøydis Armand Frøydis Armand (born 9 April 1949) is a Norwegian actress. She is the daughter of actor Eilif Armand, and sister of Merete Armand and Gisken Armand, both actresses. She has been working at Nationaltheatret (the National Theatre) since 1972, acting in plays such as Henrik Ibsen's ""Little Eyolf"", and Shakespeares ""Othello"". Though primarily a stage actress, Armand is probably best known to the general audience as one of the three protagonists in Anja Breien's ""
2026-06-21 15:16:48,745 | INFO | --------------------------------------------------------------------------------
2026-06-21 15:16:50,308 | INFO | Mistral Answer: Frøydis Armand is married to Helge Jordal.
2026-06-21 15:16:50,308 | INFO | Mistral answer contains the correct answer string.
2026-06-21 15:16:50,308 | INFO | ================================================================================
2026-06-21 15:16:50,309 | INFO | Example 39
2026-06-21 15:16:50,309 | INFO | Question: Who is Amparo Soler Leal married to?
2026-06-21 15:16:50,309 | INFO | Answer: Adolfo Marsillach
2026-06-21 15:16:50,309 | INFO | Answer Entity Popularity: 185.0
2026-06-21 15:16:50,331 | INFO | No passages retrieved that contain the answer string.
2026-06-21 15:16:50,331 | INFO | ================================================================================
2026-06-21 15:16:50,331 | INFO | Example 40
2026-06-21 15:16:50,331 | INFO | Question: Who is Thiago Lacerda married to?
2026-06-21 15:16:50,331 | INFO | Answer: Vanessa Lóes
2026-06-21 15:16:50,331 | INFO | Answer Entity Popularity: 186.0
2026-06-21 15:16:50,352 | INFO | --------------------------------------------------------------------------------
2026-06-21 15:16:50,353 | INFO | Reranked passages for Example 40:
2026-06-21 15:16:50,353 | INFO | Reranked rank: 1
2026-06-21 15:16:50,353 | INFO | Original BM25 rank: 1
2026-06-21 15:16:50,353 | INFO | DocID: 9294299
2026-06-21 15:16:50,353 | INFO | Rerank score: 9.5728
2026-06-21 15:16:50,353 | INFO | "Thiago Lacerda" I choose always to be civilized. I think after the measures they took, I learned to be respected."" Thiago is married to the actress Vanessa Lóes, and they have one son, Gael, and two daughters: Cora and Pilar. Thiago Lacerda Thiago Ribeiro Lacerda (born January 19, 1978) is a Brazilian actor. Thiago, of Portuguese origin, spent his childhood between Rio de Janeiro, where he was born, and Recreio, a mining town where his grandparents lived. From the age of three to 16, he devote
2026-06-21 15:16:50,353 | INFO | --------------------------------------------------------------------------------
2026-06-21 15:16:53,063 | INFO | Mistral Answer: Thiago Lacerda is married to the actress Vanessa Lóes. (Answer based on the provided context.)
2026-06-21 15:16:53,063 | INFO | Mistral answer contains the correct answer string.
2026-06-21 15:16:53,063 | INFO | ================================================================================
2026-06-21 15:16:53,063 | INFO | Example 41
2026-06-21 15:16:53,063 | INFO | Question: Who is George XII of Georgia married to?
2026-06-21 15:16:53,063 | INFO | Answer: Mariam Tsitsishvili
2026-06-21 15:16:53,064 | INFO | Answer Entity Popularity: 187.0
2026-06-21 15:16:53,097 | INFO | --------------------------------------------------------------------------------
2026-06-21 15:16:53,097 | INFO | Reranked passages for Example 41:
2026-06-21 15:16:53,097 | INFO | Reranked rank: 1
2026-06-21 15:16:53,097 | INFO | Original BM25 rank: 1
2026-06-21 15:16:53,097 | INFO | DocID: 9490163
2026-06-21 15:16:53,097 | INFO | Rerank score: 8.0355
2026-06-21 15:16:53,097 | INFO | "Mariam Tsitsishvili" Mariam Tsitsishvili Mariam (), also known as Maria in European sources, (9 April 1768 – 30 March 1850) was the Queen of Georgia as the second wife and consort of the last King George XII of Georgia (reigned from 1798 to 1800). Princess Mariam Tsitsishvili was born at Tbilisi to Prince Giorgi Tsitsishvili, a representative of one of the preeminent noble houses of Georgia. George XII, then Heir Apparent to the Georgian throne, married her on 13 July 1783 after the death of hi
2026-06-21 15:16:53,097 | INFO | --------------------------------------------------------------------------------
2026-06-21 15:16:55,427 | INFO | Mistral Answer: George XII of Georgia is married to Mariam Tsitsishvili, according to the provided context.
2026-06-21 15:16:55,427 | INFO | Mistral answer contains the correct answer string.
2026-06-21 15:16:55,427 | INFO | ================================================================================
2026-06-21 15:16:55,427 | INFO | Example 42
2026-06-21 15:16:55,428 | INFO | Question: Who is Marcus Aemilius Scaurus married to?
2026-06-21 15:16:55,428 | INFO | Answer: Caecilia Metella Dalmatica
2026-06-21 15:16:55,428 | INFO | Answer Entity Popularity: 189.0
2026-06-21 15:16:55,457 | INFO | --------------------------------------------------------------------------------
2026-06-21 15:16:55,457 | INFO | Reranked passages for Example 42:
2026-06-21 15:16:55,457 | INFO | Reranked rank: 1
2026-06-21 15:16:55,457 | INFO | Original BM25 rank: 1
2026-06-21 15:16:55,458 | INFO | DocID: 7909985
2026-06-21 15:16:55,458 | INFO | Rerank score: 8.0088
2026-06-21 15:16:55,458 | INFO | "Marcus Aemilius Scaurus (praetor 56 BC)" Marcus Aemilius Scaurus (praetor 56 BC) Marcus Aemilius Scaurus was a Roman politician of the 1st century BC and son of Marcus Aemilius Scaurus and Caecilia Metella Dalmatica. Scaurus lost his father when he was very young, but his education was ensured by family friends. Pompey the Great was briefly married to his sister Aemilia Scaura and, even after her death, Pompey continued to take personal interest in the young man. During the Third Mithridatic Wa
2026-06-21 15:16:55,458 | INFO | --------------------------------------------------------------------------------
2026-06-21 15:17:00,845 | INFO | Mistral Answer: I don't know based on the provided context. The context mentions that Pompey was married to Scaurus' sister Aemilia Scaura, but it does not mention any marriages of Marcus Aemilius Scaurus himself.
2026-06-21 15:17:00,845 | INFO | Mistral answer does NOT contain the correct answer string.
2026-06-21 15:17:00,845 | INFO | ================================================================================
2026-06-21 15:17:00,845 | INFO | Example 43
2026-06-21 15:17:00,845 | INFO | Question: Who is Haleh Esfandiari married to?
2026-06-21 15:17:00,845 | INFO | Answer: Shaul Bakhash
2026-06-21 15:17:00,845 | INFO | Answer Entity Popularity: 192.0
2026-06-21 15:17:00,869 | INFO | --------------------------------------------------------------------------------
2026-06-21 15:17:00,869 | INFO | Reranked passages for Example 43:
2026-06-21 15:17:00,869 | INFO | Reranked rank: 1
2026-06-21 15:17:00,869 | INFO | Original BM25 rank: 4
2026-06-21 15:17:00,870 | INFO | DocID: 10198912
2026-06-21 15:17:00,870 | INFO | Rerank score: 10.1033
2026-06-21 15:17:00,870 | INFO | "Haleh Esfandiari" husband and daughter because of the 1979 Iranian Revolution. She holds dual U.S.-Iranian citizenship. Esfandiari is married to Shaul Bakhash, a Jewish Iranian-American professor of history and Persian studies at George Mason University. She met Bakhash in the early 1960s, when both were reporters at the Iranian newspaper ""Kayhan"". They have a daughter and two granddaughters. Before Esfandiari left Iran, she had a career as a journalist and taught at the College of Mass Commu
2026-06-21 15:17:00,870 | INFO | --------------------------------------------------------------------------------
2026-06-21 15:17:02,665 | INFO | Mistral Answer: Haleh Esfandiari is married to Shaul Bakhash.
2026-06-21 15:17:02,665 | INFO | Mistral answer contains the correct answer string.
2026-06-21 15:17:02,666 | INFO | ================================================================================
2026-06-21 15:17:02,666 | INFO | Example 44
2026-06-21 15:17:02,666 | INFO | Question: Who is Louis Frederick I, Prince of Schwarzburg-Rudolstadt married to?
2026-06-21 15:17:02,666 | INFO | Answer: Anna Sophie of Saxe-Gotha-Altenburg
2026-06-21 15:17:02,666 | INFO | Answer Entity Popularity: 201.0
2026-06-21 15:17:02,694 | INFO | --------------------------------------------------------------------------------
2026-06-21 15:17:02,694 | INFO | Reranked passages for Example 44:
2026-06-21 15:17:02,694 | INFO | Reranked rank: 1
2026-06-21 15:17:02,694 | INFO | Original BM25 rank: 7
2026-06-21 15:17:02,694 | INFO | DocID: 16521623
2026-06-21 15:17:02,695 | INFO | Rerank score: 7.6625
2026-06-21 15:17:02,695 | INFO | "Frederick Anton, Prince of Schwarzburg-Rudolstadt" Frederick Anton, Prince of Schwarzburg-Rudolstadt Frederick Anton of Schwarzburg-Rudolstadt (14 August 1692 in Rudolstadt – 1 September 1744 in Rudolstadt) was the ruling Prince of Schwarzburg-Rudolstadt from 1718 until his death. He was the eldest son of Prince Louis Frederick I of Schwarzburg-Rudolstadt and his wife Anna Sophie of Saxe-Gotha-Altenburg. He had three brothers, along with nine sisters, but in 1713 primogeniture was introduced in
2026-06-21 15:17:02,695 | INFO | --------------------------------------------------------------------------------
2026-06-21 15:17:04,181 | INFO | Mistral Answer: Anna Sophie of Saxe-Gotha-Altenburg
2026-06-21 15:17:04,181 | INFO | Mistral answer contains the correct answer string.
2026-06-21 15:17:04,182 | INFO | ================================================================================
2026-06-21 15:17:04,182 | INFO | Example 45
2026-06-21 15:17:04,182 | INFO | Question: Who is John Gorton married to?
2026-06-21 15:17:04,182 | INFO | Answer: Bettina Gorton
2026-06-21 15:17:04,182 | INFO | Answer Entity Popularity: 205.0
2026-06-21 15:17:04,205 | INFO | --------------------------------------------------------------------------------
2026-06-21 15:17:04,205 | INFO | Reranked passages for Example 45:
2026-06-21 15:17:04,205 | INFO | Reranked rank: 1
2026-06-21 15:17:04,205 | INFO | Original BM25 rank: 5
2026-06-21 15:17:04,205 | INFO | DocID: 13320631
2026-06-21 15:17:04,205 | INFO | Rerank score: 7.5773
2026-06-21 15:17:04,206 | INFO | "Bettina Gorton" Bettina Gorton Bettina Edith Gorton (née Brown; 23 June 1915 – 2 October 1983) was an American-born academic who was best known as the first wife of John Gorton, the 19th Prime Minister of Australia. She was born in Portland, Maine, met her husband while studying in France, and married in 1935. She developed an interest in South-East Asian culture relatively late in life, learning to speak Malay and Javanese and completing her first university degree at the age of 50. She was in
2026-06-21 15:17:04,206 | INFO | --------------------------------------------------------------------------------
2026-06-21 15:17:06,836 | INFO | Mistral Answer: John Gorton was married to Bettina Gorton (née Brown). [Based on the provided context.]
2026-06-21 15:17:06,836 | INFO | Mistral answer contains the correct answer string.
2026-06-21 15:17:06,836 | INFO | ================================================================================
2026-06-21 15:17:06,837 | INFO | Example 46
2026-06-21 15:17:06,837 | INFO | Question: Who is Leon de Winter married to?
2026-06-21 15:17:06,837 | INFO | Answer: Jessica Durlacher
2026-06-21 15:17:06,837 | INFO | Answer Entity Popularity: 213.0
2026-06-21 15:17:06,876 | INFO | --------------------------------------------------------------------------------
2026-06-21 15:17:06,876 | INFO | Reranked passages for Example 46:
2026-06-21 15:17:06,876 | INFO | Reranked rank: 1
2026-06-21 15:17:06,876 | INFO | Original BM25 rank: 1
2026-06-21 15:17:06,876 | INFO | DocID: 4677660
2026-06-21 15:17:06,876 | INFO | Rerank score: 7.9523
2026-06-21 15:17:06,876 | INFO | "Leon de Winter" Boekenweekgeschenk"". De Winter's latest novels are ""De hemel van Hollywood"", which was published in 1997, ""God's Gym"", which was published in 2002, and ""Het recht op terugkeer"", published in 2008. Most of these works feature protagonists searching—in particular, for a Jewish identity. These attempts to bring order out of chaos are a result of discontent with seemingly empty and aimless lives. De Winter is married to Jessica Durlacher, who is also a zionist writer. They ha
2026-06-21 15:17:06,876 | INFO | --------------------------------------------------------------------------------
2026-06-21 15:17:08,165 | INFO | Mistral Answer: Leon de Winter is married to Jessica Durlacher.
2026-06-21 15:17:08,165 | INFO | Mistral answer contains the correct answer string.
2026-06-21 15:17:08,165 | INFO | ================================================================================
2026-06-21 15:17:08,165 | INFO | Example 47
2026-06-21 15:17:08,165 | INFO | Question: Who is Catherine Gregg married to?
2026-06-21 15:17:08,165 | INFO | Answer: Hugh Gregg
2026-06-21 15:17:08,165 | INFO | Answer Entity Popularity: 216.0
2026-06-21 15:17:08,193 | INFO | --------------------------------------------------------------------------------
2026-06-21 15:17:08,193 | INFO | Reranked passages for Example 47:
2026-06-21 15:17:08,193 | INFO | Reranked rank: 1
2026-06-21 15:17:08,193 | INFO | Original BM25 rank: 2
2026-06-21 15:17:08,193 | INFO | DocID: 18298959
2026-06-21 15:17:08,193 | INFO | Rerank score: 6.3514
2026-06-21 15:17:08,193 | INFO | "Catherine Gregg" Catherine Gregg Catherine Mitchell Gregg (August 15, 1917 – August 1, 2014) was an American philanthropist, environmentalist and historic preservationist. Gregg served as the First Lady of New Hampshire from 1953 until 1955 during the administration of her husband, former Governor Hugh Gregg. She was also the mother of another former Governor of New Hampshire, U.S. Representative, and U.S. Senator, Judd Gregg. An active philanthropist, Catherine Gregg led efforts to preserve an
2026-06-21 15:17:08,193 | INFO | --------------------------------------------------------------------------------
2026-06-21 15:17:09,386 | INFO | Mistral Answer: Catherine Gregg is married to Hugh Gregg.
2026-06-21 15:17:09,386 | INFO | Mistral answer contains the correct answer string.
2026-06-21 15:17:09,386 | INFO | ================================================================================
2026-06-21 15:17:09,386 | INFO | Example 48
2026-06-21 15:17:09,386 | INFO | Question: Who is Sergey Nikitin married to?
2026-06-21 15:17:09,386 | INFO | Answer: Tatyana Nikitina
2026-06-21 15:17:09,386 | INFO | Answer Entity Popularity: 218.0
2026-06-21 15:17:09,413 | INFO | --------------------------------------------------------------------------------
2026-06-21 15:17:09,414 | INFO | Reranked passages for Example 48:
2026-06-21 15:17:09,414 | INFO | Reranked rank: 1
2026-06-21 15:17:09,414 | INFO | Original BM25 rank: 2
2026-06-21 15:17:09,414 | INFO | DocID: 6316167
2026-06-21 15:17:09,414 | INFO | Rerank score: 7.1003
2026-06-21 15:17:09,414 | INFO | "Sergey Nikitin (musician)" Sergey Nikitin (musician) Sergey Yakovlevich Nikitin (, born 8 March 1944) is a prominent Soviet and Russian bard, composer, and biophysicist. He performs both solo and in a duet with his wife, Tatyana Nikitina all over Russia, the former Soviet republics, and other countries with significant Russian-speaking diaspora. Sergey Nikitin is also known as a composer and performer of songs for children. Sergey Nikitin graduated from the Physics Department of Moscow State Un
2026-06-21 15:17:09,414 | INFO | --------------------------------------------------------------------------------
2026-06-21 15:17:10,914 | INFO | Mistral Answer: Tatyana Nikitina. (Based on the context.)
2026-06-21 15:17:10,914 | INFO | Mistral answer contains the correct answer string.
2026-06-21 15:17:10,914 | INFO | ================================================================================
2026-06-21 15:17:10,915 | INFO | Example 49
2026-06-21 15:17:10,915 | INFO | Question: Who is Claudia Dey married to?
2026-06-21 15:17:10,915 | INFO | Answer: Don Kerr
2026-06-21 15:17:10,915 | INFO | Answer Entity Popularity: 229.0
2026-06-21 15:17:10,944 | INFO | --------------------------------------------------------------------------------
2026-06-21 15:17:10,944 | INFO | Reranked passages for Example 49:
2026-06-21 15:17:10,944 | INFO | Reranked rank: 1
2026-06-21 15:17:10,944 | INFO | Original BM25 rank: 1
2026-06-21 15:17:10,944 | INFO | DocID: 11778476
2026-06-21 15:17:10,944 | INFO | Rerank score: 8.8674
2026-06-21 15:17:10,944 | INFO | "Claudia Dey" studio and clothing brand, Horses Atelier. Dey studied English Literature at McGill University and playwriting at the National Theatre School of Canada, where she graduated in 1997. Dey is married to Canadian musician Don Kerr. They live in Toronto with their sons. Claudia Dey Claudia Dey (born 1972/1973) is a Canadian writer. Dey's second novel, HEARTBREAKER, is published by Random House (U.S.), HarperCollins (Canada), and The Borough Press (U.K.) It was listed by Publishers Weekl
2026-06-21 15:17:10,944 | INFO | --------------------------------------------------------------------------------
2026-06-21 15:17:12,464 | INFO | Mistral Answer: Claudia Dey is married to Canadian musician Don Kerr.
2026-06-21 15:17:12,465 | INFO | Mistral answer contains the correct answer string.
2026-06-21 15:17:12,465 | INFO | ================================================================================
2026-06-21 15:17:12,465 | INFO | Example 50
2026-06-21 15:17:12,465 | INFO | Question: Who is Ruth Churchill married to?
2026-06-21 15:17:12,465 | INFO | Answer: Oliver Churchill
2026-06-21 15:17:12,465 | INFO | Answer Entity Popularity: 229.0
2026-06-21 15:17:12,493 | INFO | --------------------------------------------------------------------------------
2026-06-21 15:17:12,494 | INFO | Reranked passages for Example 50:
2026-06-21 15:17:12,494 | INFO | Reranked rank: 1
2026-06-21 15:17:12,494 | INFO | Original BM25 rank: 31
2026-06-21 15:17:12,494 | INFO | DocID: 47643
2026-06-21 15:17:12,494 | INFO | Rerank score: 4.1708
2026-06-21 15:17:12,494 | INFO | "Bletchley Park" from Lady Margaret Hall, Oxford in 1944 with a First in French and German, after only two years. She worked in Hut 8, translating decoded German Navy signals. Ruth Briggs, a German scholar, worked within the Naval Section and was known as one of the best cryptographers; she married Oliver Churchill of the SOE. Properly used, the German Enigma and Lorenz ciphers should have been virtually unbreakable, but flaws in German cryptographic procedures, and poor discipline among the per
2026-06-21 15:17:12,494 | INFO | --------------------------------------------------------------------------------
2026-06-21 15:17:13,469 | INFO | Mistral Answer: Ruth Churchill is married to Oliver Churchill.
2026-06-21 15:17:13,469 | INFO | Mistral answer contains the correct answer string.
2026-06-21 15:17:13,469 | INFO | ================================================================================
2026-06-21 15:17:13,470 | INFO | Example 51
2026-06-21 15:17:13,470 | INFO | Question: Who is Marie Bell married to?
2026-06-21 15:17:13,470 | INFO | Answer: Jean Chevrier
2026-06-21 15:17:13,470 | INFO | Answer Entity Popularity: 231.0
2026-06-21 15:17:13,500 | INFO | --------------------------------------------------------------------------------
2026-06-21 15:17:13,500 | INFO | Reranked passages for Example 51:
2026-06-21 15:17:13,500 | INFO | Reranked rank: 1
2026-06-21 15:17:13,500 | INFO | Original BM25 rank: 3
2026-06-21 15:17:13,500 | INFO | DocID: 11568967
2026-06-21 15:17:13,500 | INFO | Rerank score: 8.2650
2026-06-21 15:17:13,501 | INFO | "Marie Bell" German Occupation of France (1940–1944), she participated in the French resistance as one of nine directors of the Front national du théâtre. She is buried in Monaco with her husband Jean Chevrier, not far from the tomb of Josephine Baker. Bell married Jean Chevrier, who was also an actor. Bell died on August 14, 1985. She was buried alongside her husband at the Monaco Cemetery. Marie Bell Marie Bell (December 23, 1900 – August 14, 1985), born Marie-Jeanne Bellon, was a French trage
2026-06-21 15:17:13,501 | INFO | --------------------------------------------------------------------------------
2026-06-21 15:17:14,675 | INFO | Mistral Answer: Marie Bell is married to Jean Chevrier.
2026-06-21 15:17:14,675 | INFO | Mistral answer contains the correct answer string.
2026-06-21 15:17:14,675 | INFO | ================================================================================
2026-06-21 15:17:14,676 | INFO | Example 52
2026-06-21 15:17:14,676 | INFO | Question: Who is Francine Pascal married to?
2026-06-21 15:17:14,676 | INFO | Answer: John Pascal
2026-06-21 15:17:14,676 | INFO | Answer Entity Popularity: 232.0
2026-06-21 15:17:14,703 | INFO | --------------------------------------------------------------------------------
2026-06-21 15:17:14,703 | INFO | Reranked passages for Example 52:
2026-06-21 15:17:14,703 | INFO | Reranked rank: 1
2026-06-21 15:17:14,703 | INFO | Original BM25 rank: 1
2026-06-21 15:17:14,703 | INFO | DocID: 5155802
2026-06-21 15:17:14,703 | INFO | Rerank score: 7.4239
2026-06-21 15:17:14,703 | INFO | "Francine Pascal" an auctioneer. In 1958, she graduated from New York University. It was there that she first met author and journalist John Pascal and, in 1965, they were married. Francine often credited John as her writing mentor, and they collaborated on several projects, including writing scripts for the ABC soap opera ""The Young Marrieds,"" which aired from 1964 to 1966 as part of the ABC Daytime block. John died of lung cancer in 1981, at 49 years of age. Francine's brother was the prolif
2026-06-21 15:17:14,703 | INFO | --------------------------------------------------------------------------------
2026-06-21 15:17:15,994 | INFO | Mistral Answer: Francine Pascal is married to John Pascal.
2026-06-21 15:17:15,994 | INFO | Mistral answer contains the correct answer string.
2026-06-21 15:17:15,994 | INFO | ================================================================================
2026-06-21 15:17:15,995 | INFO | Example 53
2026-06-21 15:17:15,995 | INFO | Question: Who is Charlotte Zolotow married to?
2026-06-21 15:17:15,995 | INFO | Answer: Maurice Zolotow
2026-06-21 15:17:15,995 | INFO | Answer Entity Popularity: 235.0
2026-06-21 15:17:16,019 | INFO | --------------------------------------------------------------------------------
2026-06-21 15:17:16,020 | INFO | Reranked passages for Example 53:
2026-06-21 15:17:16,020 | INFO | Reranked rank: 1
2026-06-21 15:17:16,020 | INFO | Original BM25 rank: 3
2026-06-21 15:17:16,020 | INFO | DocID: 7449499
2026-06-21 15:17:16,020 | INFO | Rerank score: 9.6529
2026-06-21 15:17:16,020 | INFO | "Charlotte Zolotow" was married to Maurice Zolotow from 1938 until their divorce in 1969. Their daughter Ellen is writer Crescent Dragonwagon and son Steven is poker tournament champion Steve Zolotow. She lived in Hastings-on-Hudson, New York, where she died, aged 98. Zolotow's work was published by more than 20 different houses. She was an editor, and later publisher, at Harper & Row, which was called Harper & Brothers when she began to work there and is now known as HarperCollins. The poem ""M
2026-06-21 15:17:16,020 | INFO | --------------------------------------------------------------------------------
2026-06-21 15:17:17,616 | INFO | Mistral Answer: Charlotte Zolotow was married to Maurice Zolotow.
2026-06-21 15:17:17,616 | INFO | Mistral answer contains the correct answer string.
2026-06-21 15:17:17,616 | INFO | ================================================================================
2026-06-21 15:17:17,616 | INFO | Example 54
2026-06-21 15:17:17,617 | INFO | Question: Who is John H. Kinzie married to?
2026-06-21 15:17:17,617 | INFO | Answer: Juliette Augusta Magill Kinzie
2026-06-21 15:17:17,617 | INFO | Answer Entity Popularity: 237.0
2026-06-21 15:17:17,642 | INFO | --------------------------------------------------------------------------------
2026-06-21 15:17:17,642 | INFO | Reranked passages for Example 54:
2026-06-21 15:17:17,643 | INFO | Reranked rank: 1
2026-06-21 15:17:17,643 | INFO | Original BM25 rank: 4
2026-06-21 15:17:17,643 | INFO | DocID: 5140353
2026-06-21 15:17:17,643 | INFO | Rerank score: 6.6599
2026-06-21 15:17:17,643 | INFO | "Juliette Augusta Magill Kinzie" and Emma Willard's school in Troy, New York. Wolcott, who had moved to Chicago in 1810, probably introduced Juliette to John H. Kinzie, son of fur trader John Kinzie. They married in 1830 and moved to Detroit and then Fort Winnebago, a new trading post at the crucial portage between the Fox and Wisconsin rivers. Her husband was an Indian sub-agent to the Ho-Chunk nation (Winnebago people), assigned to this area that connected the Great Lakes/St. Lawrence and Miss
2026-06-21 15:17:17,643 | INFO | --------------------------------------------------------------------------------
2026-06-21 15:17:19,449 | INFO | Mistral Answer: John H. Kinzie is married to Juliette Augusta Magill.
2026-06-21 15:17:19,449 | INFO | Mistral answer does NOT contain the correct answer string.
2026-06-21 15:17:19,449 | INFO | ================================================================================
2026-06-21 15:17:19,449 | INFO | Example 55
2026-06-21 15:17:19,450 | INFO | Question: Who is Elpinice married to?
2026-06-21 15:17:19,450 | INFO | Answer: Callias II
2026-06-21 15:17:19,450 | INFO | Answer Entity Popularity: 237.0
2026-06-21 15:17:19,463 | INFO | No passages retrieved that contain the answer string.
2026-06-21 15:17:19,464 | INFO | ================================================================================
2026-06-21 15:17:19,464 | INFO | Example 56
2026-06-21 15:17:19,464 | INFO | Question: Who is Fiorella Kostoris married to?
2026-06-21 15:17:19,464 | INFO | Answer: Tommaso Padoa-Schioppa
2026-06-21 15:17:19,464 | INFO | Answer Entity Popularity: 239.0
2026-06-21 15:17:19,487 | INFO | --------------------------------------------------------------------------------
2026-06-21 15:17:19,487 | INFO | Reranked passages for Example 56:
2026-06-21 15:17:19,487 | INFO | Reranked rank: 1
2026-06-21 15:17:19,487 | INFO | Original BM25 rank: 5
2026-06-21 15:17:19,487 | INFO | DocID: 6159492
2026-06-21 15:17:19,488 | INFO | Rerank score: 6.8326
2026-06-21 15:17:19,488 | INFO | "Tommaso Padoa-Schioppa" (International Monetary and Financial Committee), the top policy steering committee of the International Monetary Fund (IMF). In June 2009 he was appointed as chairman for Europe of the private finance consulting Promontory Financial Group. He was married to the economist Fiorella Kostoris; they have three children. After their divorce, he became the companion of Barbara Spinelli, a journalist, daughter of Altiero Spinelli and Ursula Hirschmann. Padoa-Schioppa died on 18
2026-06-21 15:17:19,488 | INFO | --------------------------------------------------------------------------------
2026-06-21 15:17:21,877 | INFO | Mistral Answer: Fiorella Kostoris is married to Tommaso Padoa-Schioppa.
2026-06-21 15:17:21,877 | INFO | Mistral answer contains the correct answer string.
2026-06-21 15:17:21,878 | INFO | ================================================================================
2026-06-21 15:17:21,878 | INFO | Example 57
2026-06-21 15:17:21,878 | INFO | Question: Who is Mini Mathur married to?
2026-06-21 15:17:21,878 | INFO | Answer: Kabir Khan
2026-06-21 15:17:21,878 | INFO | Answer Entity Popularity: 245.0
2026-06-21 15:17:21,902 | INFO | --------------------------------------------------------------------------------
2026-06-21 15:17:21,902 | INFO | Reranked passages for Example 57:
2026-06-21 15:17:21,902 | INFO | Reranked rank: 1
2026-06-21 15:17:21,902 | INFO | Original BM25 rank: 1
2026-06-21 15:17:21,902 | INFO | DocID: 4556529
2026-06-21 15:17:21,902 | INFO | Rerank score: 6.7864
2026-06-21 15:17:21,902 | INFO | "Mini Mathur" based show with politicians, industrialists and opinion makers on DD, the national channel.Also known for her pleasant sense of style and her love for vibrantly coloured handloom sarees, Mini has been the face of many ad campaigns like Ultra doux, L'Oreal and is currently the brand ambassador of Comfort. Mini Mathur resides in Mumbai with her husband, film director Kabir Khan as well as her children Vivaan and Sairah. ( HOST) Mini Mathur Mini Mathur (born 21 August 1976) is an Indi
2026-06-21 15:17:21,902 | INFO | --------------------------------------------------------------------------------
2026-06-21 15:17:23,893 | INFO | Mistral Answer: Mini Mathur is married to film director Kabir Khan. (Based on the context)
2026-06-21 15:17:23,893 | INFO | Mistral answer contains the correct answer string.
2026-06-21 15:17:23,893 | INFO | ================================================================================
2026-06-21 15:17:23,893 | INFO | Example 58
2026-06-21 15:17:23,893 | INFO | Question: Who is Robert Beauvais married to?
2026-06-21 15:17:23,893 | INFO | Answer: Ginette Garcin
2026-06-21 15:17:23,893 | INFO | Answer Entity Popularity: 249.0
2026-06-21 15:17:23,915 | INFO | No passages retrieved that contain the answer string.
2026-06-21 15:17:23,915 | INFO | ================================================================================
2026-06-21 15:17:23,915 | INFO | Example 59
2026-06-21 15:17:23,915 | INFO | Question: Who is Fredrik Reinfeldt married to?
2026-06-21 15:17:23,915 | INFO | Answer: Filippa Reinfeldt
2026-06-21 15:17:23,916 | INFO | Answer Entity Popularity: 251.0
2026-06-21 15:17:23,938 | INFO | --------------------------------------------------------------------------------
2026-06-21 15:17:23,938 | INFO | Reranked passages for Example 59:
2026-06-21 15:17:23,938 | INFO | Reranked rank: 1
2026-06-21 15:17:23,938 | INFO | Original BM25 rank: 4
2026-06-21 15:17:23,938 | INFO | DocID: 8810504
2026-06-21 15:17:23,938 | INFO | Rerank score: 8.1262
2026-06-21 15:17:23,938 | INFO | "Filippa Reinfeldt" Filippa Reinfeldt Filippa Désirée Amanda Cay Reinfeldt (born ""Holmberg"" 14 June 1967 in Stockholm) is a Swedish health care consultant and former politician of the Moderate Party. She served as Health Service Commissioner of Stockholm County from 2006 to 2014, with responsible for health care, social affairs and hospitals. She was previously mayor of Täby Municipality from 2005 to 2006. She was married to former Prime Minister Fredrik Reinfeldt from 1992 until their divorce
2026-06-21 15:17:23,939 | INFO | --------------------------------------------------------------------------------
2026-06-21 15:17:28,285 | INFO | Mistral Answer: Filippa Désirée Amanda Cay Reinfeldt (née Holmberg) is the person Fredrik Reinfeldt was married to. (Answer based on the provided context.)
2026-06-21 15:17:28,286 | INFO | Mistral answer does NOT contain the correct answer string.
2026-06-21 15:17:28,286 | INFO | ================================================================================
2026-06-21 15:17:28,286 | INFO | Example 60
2026-06-21 15:17:28,286 | INFO | Question: Who is Azlan Shah of Perak married to?
2026-06-21 15:17:28,286 | INFO | Answer: Tuanku Bainun
2026-06-21 15:17:28,286 | INFO | Answer Entity Popularity: 253.0
2026-06-21 15:17:28,308 | INFO | --------------------------------------------------------------------------------
2026-06-21 15:17:28,308 | INFO | Reranked passages for Example 60:
2026-06-21 15:17:28,308 | INFO | Reranked rank: 1
2026-06-21 15:17:28,308 | INFO | Original BM25 rank: 1
2026-06-21 15:17:28,308 | INFO | DocID: 14911913
2026-06-21 15:17:28,309 | INFO | Rerank score: 8.0916
2026-06-21 15:17:28,309 | INFO | "Azlan Shah of Perak" Shah's leadership, Malaysia twice hosted the World Cup, in 1975 and 2002. In 1983, the sultan founded the Sultan Azlan Shah Cup, an annual hockey tournament played in Ipoh. Sultan Azlan enjoyed golfing in his spare time. Sultan Azlan was a patron of the following institutions: Sultan Azlan Shah married Bainun Binti Mohd Ali. She is styled as Her Royal Highness The Raja Permaisuri (Queen) of Perak, Tuanku Bainun Binti Mohd. Ali, D.K., D.M.N.. The couple had five children, tw
2026-06-21 15:17:28,309 | INFO | --------------------------------------------------------------------------------
2026-06-21 15:17:30,403 | INFO | Mistral Answer: Azlan Shah of Perak is married to Bainun Binti Mohd Ali.
2026-06-21 15:17:30,403 | INFO | Mistral answer does NOT contain the correct answer string.
2026-06-21 15:17:30,404 | INFO | ================================================================================
2026-06-21 15:17:30,404 | INFO | Example 61
2026-06-21 15:17:30,404 | INFO | Question: Who is Princess Fengyi married to?
2026-06-21 15:17:30,404 | INFO | Answer: Gao Cheng
2026-06-21 15:17:30,404 | INFO | Answer Entity Popularity: 255.0
2026-06-21 15:17:30,429 | INFO | --------------------------------------------------------------------------------
2026-06-21 15:17:30,430 | INFO | Reranked passages for Example 61:
2026-06-21 15:17:30,430 | INFO | Reranked rank: 1
2026-06-21 15:17:30,430 | INFO | Original BM25 rank: 4
2026-06-21 15:17:30,430 | INFO | DocID: 8928072
2026-06-21 15:17:30,430 | INFO | Rerank score: 2.2507
2026-06-21 15:17:30,430 | INFO | "Gao Cheng" Huan initially refused, but Gao Huan's assistant Sun Qian (孫搴) spoke on Gao Cheng's behalf, and finally Gao Huan agreed. Gao Cheng soon arrived at Yecheng and took over the imperial administration. He became known as a harsh but capable enforcer of laws, in comparison to his father's policy of relaxed enforcement. He also abolished the seniority-based system of promotion that had caused the imperial administration to stagnate, seeking out capable individuals and promoting them quickl
2026-06-21 15:17:30,430 | INFO | --------------------------------------------------------------------------------
2026-06-21 15:17:31,911 | INFO | Mistral Answer: Princess Fengyi is married to Gao Cheng.
2026-06-21 15:17:31,912 | INFO | Mistral answer contains the correct answer string.
2026-06-21 15:17:31,912 | INFO | ================================================================================
2026-06-21 15:17:31,912 | INFO | Example 62
2026-06-21 15:17:31,912 | INFO | Question: Who is Adélaïde Binart married to?
2026-06-21 15:17:31,912 | INFO | Answer: Alexandre Lenoir
2026-06-21 15:17:31,912 | INFO | Answer Entity Popularity: 258.0
2026-06-21 15:17:31,937 | INFO | --------------------------------------------------------------------------------
2026-06-21 15:17:31,937 | INFO | Reranked passages for Example 62:
2026-06-21 15:17:31,937 | INFO | Reranked rank: 1
2026-06-21 15:17:31,937 | INFO | Original BM25 rank: 2
2026-06-21 15:17:31,937 | INFO | DocID: 18635782
2026-06-21 15:17:31,938 | INFO | Rerank score: 8.2781
2026-06-21 15:17:31,938 | INFO | "Adélaïde Binart" Jacques-Louis David. Adélaïde Binart Adélaïde Binart (March 9, 1769, Paris – September 1832, Paris) was a French neoclassical painter-artist. She exhibited her works, mostly portraits, at the Salon of 1795–1817. In 1794, she married Alexandre Lenoir, with whom she has three children: Zelia (1795–1813), Albert (1801–1891) and Clodomir (1804–1887). Her studio was located in the former convent of the Petits-Augustins. There are three known portraits of her: at age 27 by Marie Bo
2026-06-21 15:17:31,938 | INFO | --------------------------------------------------------------------------------
2026-06-21 15:17:33,657 | INFO | Mistral Answer: Adélaïde Binart is married to Alexandre Lenoir.
2026-06-21 15:17:33,657 | INFO | Mistral answer contains the correct answer string.
2026-06-21 15:17:33,657 | INFO | ================================================================================
2026-06-21 15:17:33,657 | INFO | Example 63
2026-06-21 15:17:33,658 | INFO | Question: Who is Mario Merz married to?
2026-06-21 15:17:33,658 | INFO | Answer: Marisa Merz
2026-06-21 15:17:33,658 | INFO | Answer Entity Popularity: 262.0
2026-06-21 15:17:33,690 | INFO | --------------------------------------------------------------------------------
2026-06-21 15:17:33,690 | INFO | Reranked passages for Example 63:
2026-06-21 15:17:33,690 | INFO | Reranked rank: 1
2026-06-21 15:17:33,690 | INFO | Original BM25 rank: 4
2026-06-21 15:17:33,690 | INFO | DocID: 6736912
2026-06-21 15:17:33,690 | INFO | Rerank score: 7.8977
2026-06-21 15:17:33,690 | INFO | "Mario Merz" Mario Merz Mario Merz (1 January 1925 – 9 November 2003) was an Italian artist, and husband of Marisa Merz. Born in Milano, Merz started drawing during World War II, when he was imprisoned for his activities with the ""Giustizia e Libertà"" antifascist group. He experimented with a continuous graphic stroke–not removing his pencil point from the paper. He explored the relationship between nature and the subject, until he had his first exhibitions in the intellectually incendiary con
2026-06-21 15:17:33,690 | INFO | --------------------------------------------------------------------------------
2026-06-21 15:17:37,943 | INFO | Mistral Answer: Mario Merz is married to Marisa Merz. (This information is not explicitly stated in the context, but it can be inferred from the mention of "his wife" in the text.)
2026-06-21 15:17:37,943 | INFO | Mistral answer contains the correct answer string.
2026-06-21 15:17:37,943 | INFO | ================================================================================
2026-06-21 15:17:37,944 | INFO | Example 64
2026-06-21 15:17:37,944 | INFO | Question: Who is Dani Calabresa married to?
2026-06-21 15:17:37,944 | INFO | Answer: Marcelo Adnet
2026-06-21 15:17:37,944 | INFO | Answer Entity Popularity: 263.0
2026-06-21 15:17:37,967 | INFO | --------------------------------------------------------------------------------
2026-06-21 15:17:37,968 | INFO | Reranked passages for Example 64:
2026-06-21 15:17:37,968 | INFO | Reranked rank: 1
2026-06-21 15:17:37,968 | INFO | Original BM25 rank: 2
2026-06-21 15:17:37,968 | INFO | DocID: 17025410
2026-06-21 15:17:37,968 | INFO | Rerank score: 9.6978
2026-06-21 15:17:37,968 | INFO | "Dani Calabresa" Dani Calabresa Daniella Maria Giusti (born November 12, 1981) is a Brazilian comedian and actress. She is best known for being a cast member of the APCA award winner show Comédia MTV as well as the host, alongside the actor Bento Ribeiro, of Furo MTV, a show similar to ""Saturday Night Live"" ""Weekend Update"". She was married to the comedian Marcelo Adnet. They get divorced at 2017. On March 18, 2013, Calabresa made her official debut on the weekly show Custe o Que Custar (a B
2026-06-21 15:17:37,968 | INFO | --------------------------------------------------------------------------------
2026-06-21 15:17:43,509 | INFO | Mistral Answer: I don't know based on the provided context that Dani Calabresa is currently married. The context states that she was married to the comedian Marcelo Adnet, but it also mentions that they got divorced in 2017.
2026-06-21 15:17:43,509 | INFO | Mistral answer contains the correct answer string.
2026-06-21 15:17:43,510 | INFO | ================================================================================
2026-06-21 15:17:43,510 | INFO | Example 65
2026-06-21 15:17:43,510 | INFO | Question: Who is George Szekeres married to?
2026-06-21 15:17:43,510 | INFO | Answer: Esther Szekeres
2026-06-21 15:17:43,510 | INFO | Answer Entity Popularity: 263.0
2026-06-21 15:17:43,532 | INFO | --------------------------------------------------------------------------------
2026-06-21 15:17:43,532 | INFO | Reranked passages for Example 65:
2026-06-21 15:17:43,532 | INFO | Reranked rank: 1
2026-06-21 15:17:43,532 | INFO | Original BM25 rank: 3
2026-06-21 15:17:43,533 | INFO | DocID: 20661623
2026-06-21 15:17:43,533 | INFO | Rerank score: 5.4363
2026-06-21 15:17:43,533 | INFO | "Márta Svéd" at Wilderness School, a private Adelaide high school for girls, and in the same year helped found Australia's first high school mathematics magazine. Her old friend Klein, meanwhile, had married mathematician George Szekeres and escaped Europe for Shanghai; after World War II, the Szekeres and Svéd families shared a small apartment in Adelaide. Svéd died on 30 September 2005, two days after the death of her friends, George and Esther Szekeres, who died within an hour of each other
2026-06-21 15:17:43,533 | INFO | --------------------------------------------------------------------------------
2026-06-21 15:17:46,981 | INFO | Mistral Answer: George Szekeres is married to Esther Szekeres, as mentioned in the context that they shared a small apartment in Adelaide after the war.
2026-06-21 15:17:46,981 | INFO | Mistral answer contains the correct answer string.
2026-06-21 15:17:46,981 | INFO | ================================================================================
2026-06-21 15:17:46,981 | INFO | Example 66
2026-06-21 15:17:46,981 | INFO | Question: Who is Mari Jo Buhle married to?
2026-06-21 15:17:46,982 | INFO | Answer: Paul Buhle
2026-06-21 15:17:46,982 | INFO | Answer Entity Popularity: 264.0
2026-06-21 15:17:47,010 | INFO | --------------------------------------------------------------------------------
2026-06-21 15:17:47,010 | INFO | Reranked passages for Example 66:
2026-06-21 15:17:47,010 | INFO | Reranked rank: 1
2026-06-21 15:17:47,010 | INFO | Original BM25 rank: 1
2026-06-21 15:17:47,010 | INFO | DocID: 14475286
2026-06-21 15:17:47,010 | INFO | Rerank score: 9.4044
2026-06-21 15:17:47,010 | INFO | "Mari Jo Buhle" Buhle was named a MacArthur Fellow. Buhle's papers (1971 to 2008) are held at Smith College. On December 30, 1963, she married Paul Buhle. Mari Jo Buhle Mari Jo Buhle (born 1943) is an American historian and William J. Kenan Jr. University Professor Emerita at Brown University. Buhle was born in 1943 as Mari Jo Kupski. She graduated from North Chicago Community High School in 1961. Listed as Mari Jo Kupski Buhle in 1968, she received her Master of Arts degree in history from the 
2026-06-21 15:17:47,010 | INFO | --------------------------------------------------------------------------------
2026-06-21 15:17:49,507 | INFO | Mistral Answer: Mari Jo Buhle is married to Paul Buhle. (Answer based on the provided context.)
2026-06-21 15:17:49,507 | INFO | Mistral answer contains the correct answer string.
2026-06-21 15:17:49,507 | INFO | ================================================================================
2026-06-21 15:17:49,508 | INFO | Example 67
2026-06-21 15:17:49,508 | INFO | Question: Who is Fernand Sardou married to?
2026-06-21 15:17:49,508 | INFO | Answer: Jackie Sardou
2026-06-21 15:17:49,508 | INFO | Answer Entity Popularity: 264.0
2026-06-21 15:17:49,531 | INFO | --------------------------------------------------------------------------------
2026-06-21 15:17:49,531 | INFO | Reranked passages for Example 67:
2026-06-21 15:17:49,531 | INFO | Reranked rank: 1
2026-06-21 15:17:49,531 | INFO | Original BM25 rank: 2
2026-06-21 15:17:49,531 | INFO | DocID: 4046238
2026-06-21 15:17:49,532 | INFO | Rerank score: 1.6668
2026-06-21 15:17:49,532 | INFO | "Michel Sardou" in Paris. His father, Fernand Sardou, was a singer and an actor while his mother, Jackie Sardou was an actress. His paternal grandfather, Valentin Sardou, was a comedian in Marseille, while his grandmother was a singer. Sardou left school at 17. Sardou began working as a waiter in his father's cabaret in Montmartre. He eventually met Michel Fugain and auditioned for Eddie Barclay. In 1965, Sardou began his recording career with ""Le madras"", co-written with Michel Fugain and Pat
2026-06-21 15:17:49,532 | INFO | --------------------------------------------------------------------------------
2026-06-21 15:17:51,833 | INFO | Mistral Answer: Fernand Sardou is married to Jackie Sardou. (Answer based on the context)
2026-06-21 15:17:51,834 | INFO | Mistral answer contains the correct answer string.
2026-06-21 15:17:51,834 | INFO | ================================================================================
2026-06-21 15:17:51,834 | INFO | Example 68
2026-06-21 15:17:51,834 | INFO | Question: Who is Glen Retief married to?
2026-06-21 15:17:51,834 | INFO | Answer: Peterson Toscano
2026-06-21 15:17:51,834 | INFO | Answer Entity Popularity: 265.0
2026-06-21 15:17:51,853 | INFO | --------------------------------------------------------------------------------
2026-06-21 15:17:51,853 | INFO | Reranked passages for Example 68:
2026-06-21 15:17:51,853 | INFO | Reranked rank: 1
2026-06-21 15:17:51,853 | INFO | Original BM25 rank: 2
2026-06-21 15:17:51,853 | INFO | DocID: 16580475
2026-06-21 15:17:51,853 | INFO | Rerank score: 5.7002
2026-06-21 15:17:51,853 | INFO | "Glen Retief" be included in the Constitution of South Africa as a prohibited grounds of discrimination. His essay ""Keeping Sodom Out of the Laager"" appeared in ""Defiant Desire"", an influential anthology of South African LGBT writing published in 1996. He currently lives in Sunbury, Pennsylvania with his husband, American performance artist and Bible scholar Peterson Toscano, and teaches English literature and creative writing at Susquehanna University. Glen Retief Glen Retief is a South Afr
2026-06-21 15:17:51,853 | INFO | --------------------------------------------------------------------------------
2026-06-21 15:17:53,844 | INFO | Mistral Answer: Glen Retief is married to American performance artist and Bible scholar Peterson Toscano.
2026-06-21 15:17:53,844 | INFO | Mistral answer contains the correct answer string.
2026-06-21 15:17:53,844 | INFO | ================================================================================
2026-06-21 15:17:53,844 | INFO | Example 69
2026-06-21 15:17:53,844 | INFO | Question: Who is Bastiaan Ragas married to?
2026-06-21 15:17:53,844 | INFO | Answer: Tooske Ragas
2026-06-21 15:17:53,844 | INFO | Answer Entity Popularity: 271.0
2026-06-21 15:17:53,867 | INFO | --------------------------------------------------------------------------------
2026-06-21 15:17:53,868 | INFO | Reranked passages for Example 69:
2026-06-21 15:17:53,868 | INFO | Reranked rank: 1
2026-06-21 15:17:53,868 | INFO | Original BM25 rank: 6
2026-06-21 15:17:53,868 | INFO | DocID: 11364934
2026-06-21 15:17:53,868 | INFO | Rerank score: 4.5889
2026-06-21 15:17:53,868 | INFO | "Tooske Ragas" Dutch actor Bastiaan Ragas, who was her co-star in the musical ""3 Musketiers"". On 13 February 2007 their first daughter was born, Helena Antonia Ragas. Their second daughter, Feline Hanneke Grietje Ragas was born on 28 May 2008. The third daughter Catharina Maria (Catoo Ragas) was born on 7 April 2010. Tooske is also known in Germany, but although the Dutch know her as ""Tooske Breugem"", by her maiden name, the Germans know her generally as ""Tooske Ragas"", after her husband. 
2026-06-21 15:17:53,868 | INFO | --------------------------------------------------------------------------------
2026-06-21 15:17:55,659 | INFO | Mistral Answer: Tooske Ragas is married to Bastiaan Ragas.
2026-06-21 15:17:55,659 | INFO | Mistral answer contains the correct answer string.
2026-06-21 15:17:55,659 | INFO | ================================================================================
2026-06-21 15:17:55,659 | INFO | Example 70
2026-06-21 15:17:55,659 | INFO | Question: Who is Marco Enríquez-Ominami married to?
2026-06-21 15:17:55,660 | INFO | Answer: Karen Doggenweiler
2026-06-21 15:17:55,660 | INFO | Answer Entity Popularity: 271.0
2026-06-21 15:17:55,681 | INFO | --------------------------------------------------------------------------------
2026-06-21 15:17:55,681 | INFO | Reranked passages for Example 70:
2026-06-21 15:17:55,681 | INFO | Reranked rank: 1
2026-06-21 15:17:55,681 | INFO | Original BM25 rank: 18
2026-06-21 15:17:55,681 | INFO | DocID: 13044295
2026-06-21 15:17:55,681 | INFO | Rerank score: 6.3899
2026-06-21 15:17:55,682 | INFO | "Karen Doggenweiler" Karen Doggenweiler Kairena Sylvia Dogenvailer Puente (born August 27, 1969 in Puelche) is a popular Chilean journalist and TV presenter. Doggenweiler is the daughter of Félix Doggenweiler Heim, of Swiss-German descent and Silvia Lapuente, of Spanish-Aragonese descent. She is married to the Chilean politician Marco Enríquez-Ominami. The marriage produced a child named Manuela. Karen started her TV career as the hostess of a morning show alongside Felipe Camiroaga in Televisió
2026-06-21 15:17:55,682 | INFO | --------------------------------------------------------------------------------
2026-06-21 15:17:57,801 | INFO | Mistral Answer: Marco Enríquez-Ominami is married to Karen Doggenweiler.
2026-06-21 15:17:57,801 | INFO | Mistral answer contains the correct answer string.
2026-06-21 15:17:57,801 | INFO | ================================================================================
2026-06-21 15:17:57,802 | INFO | Example 71
2026-06-21 15:17:57,802 | INFO | Question: Who is Fay Maschler married to?
2026-06-21 15:17:57,802 | INFO | Answer: Tom Maschler
2026-06-21 15:17:57,802 | INFO | Answer Entity Popularity: 276.0
2026-06-21 15:17:57,827 | INFO | --------------------------------------------------------------------------------
2026-06-21 15:17:57,827 | INFO | Reranked passages for Example 71:
2026-06-21 15:17:57,827 | INFO | Reranked rank: 1
2026-06-21 15:17:57,827 | INFO | Original BM25 rank: 1
2026-06-21 15:17:57,827 | INFO | DocID: 11041031
2026-06-21 15:17:57,827 | INFO | Rerank score: 5.8444
2026-06-21 15:17:57,827 | INFO | "Tom Maschler" a stay at Maschler's Welsh holiday cottage on the English-Welsh borders, and it was there that Chatwin wrote most of the manuscript. One of Maschler's earliest coups was purchasing Joseph Heller's ""Catch-22"" for £250. He also was one of the key figures responsible for creating the Booker Prize in the late 1960s - envisaged as a British version of the French Prix Goncourt. He was married to Fay Maschler, the long-serving London ""Evening Standard"" restaurant critic, but divorced
2026-06-21 15:17:57,827 | INFO | --------------------------------------------------------------------------------
2026-06-21 15:17:59,319 | INFO | Mistral Answer: Fay Maschler was married to Tom Maschler.
2026-06-21 15:17:59,319 | INFO | Mistral answer contains the correct answer string.
2026-06-21 15:17:59,319 | INFO | ================================================================================
2026-06-21 15:17:59,319 | INFO | Example 72
2026-06-21 15:17:59,320 | INFO | Question: Who is Alice Bradley Sheldon married to?
2026-06-21 15:17:59,320 | INFO | Answer: Huntington D. Sheldon
2026-06-21 15:17:59,320 | INFO | Answer Entity Popularity: 276.0
2026-06-21 15:17:59,344 | INFO | --------------------------------------------------------------------------------
2026-06-21 15:17:59,345 | INFO | Reranked passages for Example 72:
2026-06-21 15:17:59,345 | INFO | Reranked rank: 1
2026-06-21 15:17:59,345 | INFO | Original BM25 rank: 11
2026-06-21 15:17:59,345 | INFO | DocID: 10119712
2026-06-21 15:17:59,345 | INFO | Rerank score: 5.6120
2026-06-21 15:17:59,345 | INFO | "Huntington D. Sheldon" married on April 12, 1928, and had three children, Huntington, Audrey, and Peter. The marriage ended in divorce in November 1936 . He was later the husband of science-fiction writer Alice B. Sheldon (James Tiptree Jr.). As an undergraduate, he earned a bachelor's degree from Yale University and was a member of Scroll and Key. Huntington D. Sheldon Huntington Denton ""Ting"" Sheldon (February 14, 1903 – May 19, 1987) served as the Director of the Office of Current Intellig
2026-06-21 15:17:59,345 | INFO | --------------------------------------------------------------------------------
2026-06-21 15:18:05,453 | INFO | Mistral Answer: Alice Bradley Sheldon was married to Huntington D. Sheldon. (However, it's important to note that the context also mentions that Huntington D. Sheldon was married to Alice B. Sheldon at a later point in time.)
2026-06-21 15:18:05,453 | INFO | Mistral answer contains the correct answer string.
2026-06-21 15:18:05,453 | INFO | ================================================================================
2026-06-21 15:18:05,453 | INFO | Example 73
2026-06-21 15:18:05,453 | INFO | Question: Who is Empress Gao married to?
2026-06-21 15:18:05,453 | INFO | Answer: Emperor Xiaowu of Northern Wei
2026-06-21 15:18:05,453 | INFO | Answer Entity Popularity: 283.0
2026-06-21 15:18:05,470 | INFO | --------------------------------------------------------------------------------
2026-06-21 15:18:05,470 | INFO | Reranked passages for Example 73:
2026-06-21 15:18:05,470 | INFO | Reranked rank: 1
2026-06-21 15:18:05,471 | INFO | Original BM25 rank: 7
2026-06-21 15:18:05,471 | INFO | DocID: 8866157
2026-06-21 15:18:05,471 | INFO | Rerank score: 8.6279
2026-06-21 15:18:05,471 | INFO | "Empress Gao (Eastern Wei)" Empress Gao (Eastern Wei) Empress Gao (高皇后, personal name unknown) was an empress of the Chinese/Xianbei dynasty Eastern Wei — a branch successor state to Northern Wei. Her husband was Emperor Xiaojing, Eastern Wei's only emperor. She was the second daughter of the paramount general Gao Huan, who, after a formal break with Emperor Xiaowu of Northern Wei in 534, made Xiaojing, then age 10, emperor, thus dividing Northern Wei into Eastern Wei and Western Wei. In 539, Ga
2026-06-21 15:18:05,471 | INFO | --------------------------------------------------------------------------------
2026-06-21 15:18:07,367 | INFO | Mistral Answer: Empress Gao is married to Emperor Xiaojing of Eastern Wei.
2026-06-21 15:18:07,367 | INFO | Mistral answer does NOT contain the correct answer string.
2026-06-21 15:18:07,367 | INFO | ================================================================================
2026-06-21 15:18:07,368 | INFO | Example 74
2026-06-21 15:18:07,368 | INFO | Question: Who is Jane Frazee married to?
2026-06-21 15:18:07,368 | INFO | Answer: Glenn Tryon
2026-06-21 15:18:07,368 | INFO | Answer Entity Popularity: 283.0
2026-06-21 15:18:07,386 | INFO | --------------------------------------------------------------------------------
2026-06-21 15:18:07,386 | INFO | Reranked passages for Example 74:
2026-06-21 15:18:07,386 | INFO | Reranked rank: 1
2026-06-21 15:18:07,386 | INFO | Original BM25 rank: 1
2026-06-21 15:18:07,386 | INFO | DocID: 11970532
2026-06-21 15:18:07,386 | INFO | Rerank score: 8.1265
2026-06-21 15:18:07,386 | INFO | "Jane Frazee" exaggeration, and Frazee (who appeared without billing) earned her laughs with excellent comedy timing. The series lapsed in 1956. After retiring from acting, Frazee started a real estate business. Frazee's marriage to Glenn Tryon lasted five years and produced one son, Timothy. Jane Frazee died of a stroke in 1985. Jane Frazee co-starred as Joe's wife Alice, without screen credit: Jane Frazee Mary Jane Frehse (July 18, 1915 – September 6, 1985), known as Jane Frazee, was an Americ
2026-06-21 15:18:07,386 | INFO | --------------------------------------------------------------------------------
2026-06-21 15:18:10,309 | INFO | Mistral Answer: Glenn Tryon

[Explanation: The context states that Jane Frazee was married to Glenn Tryon.]
2026-06-21 15:18:10,309 | INFO | Mistral answer contains the correct answer string.
2026-06-21 15:18:10,309 | INFO | ================================================================================
2026-06-21 15:18:10,309 | INFO | Example 75
2026-06-21 15:18:10,309 | INFO | Question: Who is Marichen Altenburg married to?
2026-06-21 15:18:10,309 | INFO | Answer: Knud Ibsen
2026-06-21 15:18:10,309 | INFO | Answer Entity Popularity: 284.0
2026-06-21 15:18:10,334 | INFO | --------------------------------------------------------------------------------
2026-06-21 15:18:10,334 | INFO | Reranked passages for Example 75:
2026-06-21 15:18:10,334 | INFO | Reranked rank: 1
2026-06-21 15:18:10,334 | INFO | Original BM25 rank: 1
2026-06-21 15:18:10,334 | INFO | DocID: 16289780
2026-06-21 15:18:10,334 | INFO | Rerank score: 6.7534
2026-06-21 15:18:10,334 | INFO | "Marichen Altenburg" grew up in the stately Altenburg Manor in central Skien, and her father also owned several ships, a farm and Bratsberg county's second largest brewery. Marichen Altenburg was an avid painter and in love with the theatre. She ""worried her upright parents by attending every performance of the travelling Danish troupes, and by continuing to play with her childhood dolls when she was grown."" Marichen Altenburg was ""small, brunette, and dark-complexioned, and the only existing
2026-06-21 15:18:10,334 | INFO | --------------------------------------------------------------------------------
2026-06-21 15:18:12,017 | INFO | Mistral Answer: Marichen Altenburg is married to merchant Knud Ibsen.
2026-06-21 15:18:12,018 | INFO | Mistral answer contains the correct answer string.
2026-06-21 15:18:12,018 | INFO | ================================================================================
2026-06-21 15:18:12,018 | INFO | Example 76
2026-06-21 15:18:12,018 | INFO | Question: Who is Lucy Gallardo married to?
2026-06-21 15:18:12,018 | INFO | Answer: Enrique Rambal
2026-06-21 15:18:12,018 | INFO | Answer Entity Popularity: 286.0
2026-06-21 15:18:12,039 | INFO | --------------------------------------------------------------------------------
2026-06-21 15:18:12,039 | INFO | Reranked passages for Example 76:
2026-06-21 15:18:12,039 | INFO | Reranked rank: 1
2026-06-21 15:18:12,039 | INFO | Original BM25 rank: 3
2026-06-21 15:18:12,039 | INFO | DocID: 16722534
2026-06-21 15:18:12,040 | INFO | Rerank score: 6.3905
2026-06-21 15:18:12,040 | INFO | "Lucy Gallardo" directed and written by Luis Buñuel. She appeared in that film opposite her husband, Enrique Rambal, who died in 1971. Gallardo and Rambal also starred as a comical couple in the Capulina aviation comedy, ""El Mundo de los Aviones"". Her numerous telenovela roles included ""El Amor Tiene Cara de Mujer"" (""Love Has a Female Face""), portraying the character of Lucy Scala in the Mexican remake of an Argentine television series during the 1970s. In addition to acting, Gallardo also
2026-06-21 15:18:12,040 | INFO | --------------------------------------------------------------------------------
2026-06-21 15:18:14,350 | INFO | Mistral Answer: Lucy Gallardo was married to Enrique Rambal. (Answer based on the provided context.)
2026-06-21 15:18:14,350 | INFO | Mistral answer contains the correct answer string.
2026-06-21 15:18:14,350 | INFO | ================================================================================
2026-06-21 15:18:14,350 | INFO | Example 77
2026-06-21 15:18:14,350 | INFO | Question: Who is Christian Krohg married to?
2026-06-21 15:18:14,350 | INFO | Answer: Oda Krohg
2026-06-21 15:18:14,350 | INFO | Answer Entity Popularity: 290.0
2026-06-21 15:18:14,383 | INFO | --------------------------------------------------------------------------------
2026-06-21 15:18:14,383 | INFO | Reranked passages for Example 77:
2026-06-21 15:18:14,383 | INFO | Reranked rank: 1
2026-06-21 15:18:14,383 | INFO | Original BM25 rank: 4
2026-06-21 15:18:14,383 | INFO | DocID: 4749161
2026-06-21 15:18:14,383 | INFO | Rerank score: 8.2472
2026-06-21 15:18:14,383 | INFO | "Christian Krohg" Norwegian Commissioner at the Exposition Internationale d'Anvers at Antwerp in 1894 and held membership in the Societe Nouvelle de Peintres et de Sculpteurs from 1900. Krohg was made a Knight 1st Class in the Order of St. Olav in 1900 and received the Command Cross in 1910. He was married to artist Oda Krohg (1860–1935). In 1885, their daughter Nana (1885–1974) was born and in 1889 their son muralist Per Lasson Krohg (1889–1965). In 1897, his wife took their son Per and moved t
2026-06-21 15:18:14,383 | INFO | --------------------------------------------------------------------------------
2026-06-21 15:18:16,189 | INFO | Mistral Answer: Christian Krohg is married to artist Oda Krohg.
2026-06-21 15:18:16,190 | INFO | Mistral answer contains the correct answer string.
2026-06-21 15:18:16,190 | INFO | ================================================================================
2026-06-21 15:18:16,190 | INFO | Example 78
2026-06-21 15:18:16,190 | INFO | Question: Who is George Middleton married to?
2026-06-21 15:18:16,190 | INFO | Answer: Fola La Follette
2026-06-21 15:18:16,190 | INFO | Answer Entity Popularity: 296.0
2026-06-21 15:18:16,206 | INFO | No passages retrieved that contain the answer string.
2026-06-21 15:18:16,206 | INFO | ================================================================================
2026-06-21 15:18:16,206 | INFO | Example 79
2026-06-21 15:18:16,206 | INFO | Question: Who is Wolfgang Kieling married to?
2026-06-21 15:18:16,206 | INFO | Answer: Gisela Uhlen
2026-06-21 15:18:16,207 | INFO | Answer Entity Popularity: 297.0
2026-06-21 15:18:16,226 | INFO | --------------------------------------------------------------------------------
2026-06-21 15:18:16,227 | INFO | Reranked passages for Example 79:
2026-06-21 15:18:16,227 | INFO | Reranked rank: 1
2026-06-21 15:18:16,227 | INFO | Original BM25 rank: 7
2026-06-21 15:18:16,227 | INFO | DocID: 11664951
2026-06-21 15:18:16,227 | INFO | Rerank score: 6.1547
2026-06-21 15:18:16,227 | INFO | "Gisela Uhlen" into television. Her career was active throughout her lifetime, with her having more than 56 television appearances into 2006, entirely in the German and European realm. She married six times, most notably to German writer, director and producer Hans Bertram, with whom she had daughter Barbara Bertram, who also became an actress, but with little success. With Wolfgang Kieling she had a daughter Susanne Uhlen, who is now a successful German actress. During the Cold War, and followi
2026-06-21 15:18:16,227 | INFO | --------------------------------------------------------------------------------
2026-06-21 15:18:18,047 | INFO | Mistral Answer: Wolfgang Kieling is married to Gisela Uhlen.
2026-06-21 15:18:18,047 | INFO | Mistral answer contains the correct answer string.
2026-06-21 15:18:18,047 | INFO | ================================================================================
2026-06-21 15:18:18,048 | INFO | Example 80
2026-06-21 15:18:18,048 | INFO | Question: Who is Jean Chevrier married to?
2026-06-21 15:18:18,048 | INFO | Answer: Marie Bell
2026-06-21 15:18:18,048 | INFO | Answer Entity Popularity: 298.0
2026-06-21 15:18:18,069 | INFO | --------------------------------------------------------------------------------
2026-06-21 15:18:18,069 | INFO | Reranked passages for Example 80:
2026-06-21 15:18:18,069 | INFO | Reranked rank: 1
2026-06-21 15:18:18,069 | INFO | Original BM25 rank: 1
2026-06-21 15:18:18,069 | INFO | DocID: 11568967
2026-06-21 15:18:18,069 | INFO | Rerank score: 6.6523
2026-06-21 15:18:18,069 | INFO | "Marie Bell" German Occupation of France (1940–1944), she participated in the French resistance as one of nine directors of the Front national du théâtre. She is buried in Monaco with her husband Jean Chevrier, not far from the tomb of Josephine Baker. Bell married Jean Chevrier, who was also an actor. Bell died on August 14, 1985. She was buried alongside her husband at the Monaco Cemetery. Marie Bell Marie Bell (December 23, 1900 – August 14, 1985), born Marie-Jeanne Bellon, was a French trage
2026-06-21 15:18:18,069 | INFO | --------------------------------------------------------------------------------
2026-06-21 15:18:20,886 | INFO | Mistral Answer: Marie Bell (Marie-Jeanne Bellon) is married to Jean Chevrier. (Answer based on context)
2026-06-21 15:18:20,886 | INFO | Mistral answer contains the correct answer string.
2026-06-21 15:18:20,886 | INFO | ================================================================================
2026-06-21 15:18:20,887 | INFO | Example 81
2026-06-21 15:18:20,887 | INFO | Question: Who is Eileen Caddy married to?
2026-06-21 15:18:20,887 | INFO | Answer: Peter Caddy
2026-06-21 15:18:20,887 | INFO | Answer Entity Popularity: 302.0
2026-06-21 15:18:20,912 | INFO | --------------------------------------------------------------------------------
2026-06-21 15:18:20,912 | INFO | Reranked passages for Example 81:
2026-06-21 15:18:20,912 | INFO | Reranked rank: 1
2026-06-21 15:18:20,912 | INFO | Original BM25 rank: 1
2026-06-21 15:18:20,912 | INFO | DocID: 6607346
2026-06-21 15:18:20,912 | INFO | Rerank score: 7.8254
2026-06-21 15:18:20,912 | INFO | "Eileen Caddy" nascent group of followers there, along with the two children they already had together. Following a divorce, Eileen married Peter Caddy in 1957, and they had one more son in 1968. Meanwhile, Sheena's group was fast gaining popularity, and was dubbed the 'Nameless Ones' by the local media, which also called her ""the woman Messiah"". Subsequently, from 1957, Peter and Eileen Caddy co-managed a run-down hotel in Scotland, the Cluny Hill Hotel near Forres, Moray, which they reported
2026-06-21 15:18:20,912 | INFO | --------------------------------------------------------------------------------
2026-06-21 15:18:22,328 | INFO | Mistral Answer: Eileen Caddy is married to Peter Caddy.
2026-06-21 15:18:22,328 | INFO | Mistral answer contains the correct answer string.
2026-06-21 15:18:22,328 | INFO | ================================================================================
2026-06-21 15:18:22,329 | INFO | Example 82
2026-06-21 15:18:22,329 | INFO | Question: Who is Empress Yifu married to?
2026-06-21 15:18:22,329 | INFO | Answer: Emperor Wen of Western Wei
2026-06-21 15:18:22,329 | INFO | Answer Entity Popularity: 302.0
2026-06-21 15:18:22,347 | INFO | --------------------------------------------------------------------------------
2026-06-21 15:18:22,348 | INFO | Reranked passages for Example 82:
2026-06-21 15:18:22,348 | INFO | Reranked rank: 1
2026-06-21 15:18:22,348 | INFO | Original BM25 rank: 4
2026-06-21 15:18:22,348 | INFO | DocID: 8866131
2026-06-21 15:18:22,348 | INFO | Rerank score: 5.9387
2026-06-21 15:18:22,348 | INFO | "Emperor Wen of Western Wei" attack by Rouran, Yuwen first tried to alleviate the situation by marrying a daughter of a member of the imperial clan to Yujiulü Tahan (郁久閭塔寒), the brother of Rouran's Chiliantoubingdoufa Khan Yujiulü Anagui, but then, believing that to be insufficient, he asked Emperor Wen to divorce Empress Yifu and marry Yujiulü Anagui's daughter. Emperor Wen agreed, and divorced Empress Yifu, making her a Buddhist nun. He then married Yujiulü Anagui's daughter and created her em
2026-06-21 15:18:22,348 | INFO | --------------------------------------------------------------------------------
2026-06-21 15:18:32,162 | INFO | Mistral Answer: I. Empress Yifu was originally married to Emperor Wen of Western Wei.

II. However, after an attack by the Rouran, Emperor Wen divorced Empress Yifu and married Yujiulü Anagui's daughter instead.

III. Therefore, Empress Yifu was later married to the daughter of Yujiulü Anagui, a prominent figure in the Rouran tribe.
2026-06-21 15:18:32,162 | INFO | Mistral answer contains the correct answer string.
2026-06-21 15:18:32,162 | INFO | ================================================================================
2026-06-21 15:18:32,162 | INFO | Example 83
2026-06-21 15:18:32,162 | INFO | Question: Who is Elizabeth le Despenser married to?
2026-06-21 15:18:32,162 | INFO | Answer: John FitzAlan, 2nd Baron Arundel
2026-06-21 15:18:32,162 | INFO | Answer Entity Popularity: 310.0
2026-06-21 15:18:32,189 | INFO | --------------------------------------------------------------------------------
2026-06-21 15:18:32,189 | INFO | Reranked passages for Example 83:
2026-06-21 15:18:32,189 | INFO | Reranked rank: 1
2026-06-21 15:18:32,189 | INFO | Original BM25 rank: 2
2026-06-21 15:18:32,189 | INFO | DocID: 4350158
2026-06-21 15:18:32,189 | INFO | Rerank score: 9.1209
2026-06-21 15:18:32,189 | INFO | "Elizabeth le Despenser" Elizabeth le Despenser Elizabeth Despenser (died 10 April/11 April 1408) was an English noblewoman of the late 14th century. She should not be confused with Elizabeth le Despenser, Baroness Berkeley who was her great-aunt and who was the daughter of her great-grandmother, Eleanor de Clare. She was the daughter of Sir Edward le Despencer, 1st Baron le Despencer, by Lady Elizabeth Burghersh, daughter and heiress of Bartholomew de Burghersh, 2nd Baron Burghersh. She married
2026-06-21 15:18:32,190 | INFO | --------------------------------------------------------------------------------
2026-06-21 15:18:34,615 | INFO | Mistral Answer: Elizabeth le Despenser is married to Sir John FitzAlan, 2nd Baron Arundel.
2026-06-21 15:18:34,615 | INFO | Mistral answer contains the correct answer string.
2026-06-21 15:18:34,615 | INFO | ================================================================================
2026-06-21 15:18:34,615 | INFO | Example 84
2026-06-21 15:18:34,615 | INFO | Question: Who is Beate Eriksen married to?
2026-06-21 15:18:34,615 | INFO | Answer: Toralv Maurstad
2026-06-21 15:18:34,615 | INFO | Answer Entity Popularity: 315.0
2026-06-21 15:18:34,640 | INFO | --------------------------------------------------------------------------------
2026-06-21 15:18:34,640 | INFO | Reranked passages for Example 84:
2026-06-21 15:18:34,640 | INFO | Reranked rank: 1
2026-06-21 15:18:34,640 | INFO | Original BM25 rank: 1
2026-06-21 15:18:34,640 | INFO | DocID: 13829001
2026-06-21 15:18:34,640 | INFO | Rerank score: 8.9222
2026-06-21 15:18:34,640 | INFO | "Beate Eriksen" Beate Eriksen Beate Marie Eriksen (born 19 October 1960) is a Norwegian actress and director. Eriksen has acted at several Norwegian theatres and is known for her role in the soap opera ""Hotel Cæsar"". She is the granddaughter of Olympic gymnast Marius Eriksen and the daughter of World War II flying ace Marius Eriksen, Jr. She is also the niece of alpine skier Stein Eriksen and is married to actor Toralv Maurstad. Eriksen's father was Marius Eriksen, Jr., a fighter ace during Wo
2026-06-21 15:18:34,641 | INFO | --------------------------------------------------------------------------------
2026-06-21 15:18:37,362 | INFO | Mistral Answer: Beate Eriksen is married to actor Toralv Maurstad. (Answer based on the provided context.)
2026-06-21 15:18:37,363 | INFO | Mistral answer contains the correct answer string.
2026-06-21 15:18:37,363 | INFO | ================================================================================
2026-06-21 15:18:37,363 | INFO | Example 85
2026-06-21 15:18:37,363 | INFO | Question: Who is Lady Charlotte Guest married to?
2026-06-21 15:18:37,363 | INFO | Answer: John Josiah Guest
2026-06-21 15:18:37,363 | INFO | Answer Entity Popularity: 321.0
2026-06-21 15:18:37,393 | INFO | --------------------------------------------------------------------------------
2026-06-21 15:18:37,393 | INFO | Reranked passages for Example 85:
2026-06-21 15:18:37,394 | INFO | Reranked rank: 1
2026-06-21 15:18:37,394 | INFO | Original BM25 rank: 20
2026-06-21 15:18:37,394 | INFO | DocID: 2816799
2026-06-21 15:18:37,394 | INFO | Rerank score: 8.2966
2026-06-21 15:18:37,394 | INFO | "Lady Charlotte Guest" as to claim that she would sooner see her daughter in a grave than married to Augustus. After the brief flirtation with Disraeli, she escaped her unhappy home life through marriage in 1833 to John Josiah Guest. At the age of twenty-one, she moved to London and met Guest, a successful ironmaster and the first Member of Parliament from the town of Merthyr Tydfil, Wales. Her husband, John Josiah Guest, was an industrialist, a foremost Welsh ironmaster, the owner of the Dowlai
2026-06-21 15:18:37,394 | INFO | --------------------------------------------------------------------------------
2026-06-21 15:18:38,866 | INFO | Mistral Answer: Lady Charlotte Guest is married to John Josiah Guest.
2026-06-21 15:18:38,866 | INFO | Mistral answer contains the correct answer string.
2026-06-21 15:18:38,866 | INFO | ================================================================================
2026-06-21 15:18:38,867 | INFO | Example 86
2026-06-21 15:18:38,867 | INFO | Question: Who is Veriko Anjaparidze married to?
2026-06-21 15:18:38,867 | INFO | Answer: Mikheil Chiaureli
2026-06-21 15:18:38,867 | INFO | Answer Entity Popularity: 326.0
2026-06-21 15:18:38,884 | INFO | --------------------------------------------------------------------------------
2026-06-21 15:18:38,884 | INFO | Reranked passages for Example 86:
2026-06-21 15:18:38,884 | INFO | Reranked rank: 1
2026-06-21 15:18:38,884 | INFO | Original BM25 rank: 1
2026-06-21 15:18:38,884 | INFO | DocID: 16757198
2026-06-21 15:18:38,885 | INFO | Rerank score: 8.7026
2026-06-21 15:18:38,885 | INFO | "Veriko Anjaparidze" in 1979. She was the wife of the film director Mikheil Chiaureli and the mother of the actress Sofiko Chiaureli. Anjaparidze is buried in Mtatsminda Pantheon. Veriko Anjaparidze Veriko (Vera Ivlianovna) Anjaparidze (, in Kutaisi – 1987 in Tbilisi) was a Georgian stage and cinema actress. Since 1920, Veriko Anjaparidze was an actress at the Shota Rustaveli State Theater in Tbilisi, and since 1927 she moved to the Kote Mardjanishvili Theater, also in Tbilisi. Later, she became
2026-06-21 15:18:38,885 | INFO | --------------------------------------------------------------------------------
2026-06-21 15:18:40,989 | INFO | Mistral Answer: Veriko Anjaparidze is married to Mikheil Chiaureli.
2026-06-21 15:18:40,989 | INFO | Mistral answer contains the correct answer string.
2026-06-21 15:18:40,989 | INFO | ================================================================================
2026-06-21 15:18:40,990 | INFO | Example 87
2026-06-21 15:18:40,990 | INFO | Question: Who is Alfred Janson married to?
2026-06-21 15:18:40,990 | INFO | Answer: Grynet Molvig
2026-06-21 15:18:40,990 | INFO | Answer Entity Popularity: 330.0
2026-06-21 15:18:41,014 | INFO | --------------------------------------------------------------------------------
2026-06-21 15:18:41,014 | INFO | Reranked passages for Example 87:
2026-06-21 15:18:41,014 | INFO | Reranked rank: 1
2026-06-21 15:18:41,014 | INFO | Original BM25 rank: 2
2026-06-21 15:18:41,014 | INFO | DocID: 16368584
2026-06-21 15:18:41,014 | INFO | Rerank score: 8.4444
2026-06-21 15:18:41,014 | INFO | "Alfred Janson" Alfred Janson Alfred Janson (born 10 March 1937) is a Norwegian pianist and composer. He was born in Oslo as the son of sculptor Gunnar Janson and pianist Margrethe Gleditsch, and was sister of journalist Mette Janson. He was first married to actress and singer Grynet Molvig and later to Berit Gustavsen. He made his piano debut in 1962. Among his early compositions is the piano piece ""November"" from 1962 and the orchestral ""Vuggesang"" from 1963. He composed the ballet ""Mot s
2026-06-21 15:18:41,014 | INFO | --------------------------------------------------------------------------------
2026-06-21 15:18:44,354 | INFO | Mistral Answer: Alfred Janson has been married to Berit Gustavsen. (Reference to the context: "He was later married to Berit Gustavsen.")
2026-06-21 15:18:44,354 | INFO | Mistral answer does NOT contain the correct answer string.
2026-06-21 15:18:44,354 | INFO | ================================================================================
2026-06-21 15:18:44,354 | INFO | Example 88
2026-06-21 15:18:44,355 | INFO | Question: Who is Robert Frank married to?
2026-06-21 15:18:44,355 | INFO | Answer: Mary Frank
2026-06-21 15:18:44,355 | INFO | Answer Entity Popularity: 331.0
2026-06-21 15:18:44,384 | INFO | --------------------------------------------------------------------------------
2026-06-21 15:18:44,384 | INFO | Reranked passages for Example 88:
2026-06-21 15:18:44,384 | INFO | Reranked rank: 1
2026-06-21 15:18:44,384 | INFO | Original BM25 rank: 18
2026-06-21 15:18:44,384 | INFO | DocID: 2297843
2026-06-21 15:18:44,384 | INFO | Rerank score: 6.1853
2026-06-21 15:18:44,384 | INFO | "Robert Frank" to Guido Magnaguagno and ""Fabrik"", as a photo book, was a model for Frank’s Les Américains ('The Americans') published ten years later in Paris by Delpire, in 1958. He soon left to travel in South America and Europe. He created another hand-made book of photographs that he shot in Peru, and returned to the U.S. in 1950. That year was momentous for Frank, who, after meeting Edward Steichen, participated in the group show ""51 American Photographers"" at the Museum of Modern Art (
2026-06-21 15:18:44,384 | INFO | --------------------------------------------------------------------------------
2026-06-21 15:18:46,704 | INFO | Mistral Answer: Robert Frank is married to Mary Frank, whose last name was Mary Lockspeiser before their marriage.
2026-06-21 15:18:46,704 | INFO | Mistral answer contains the correct answer string.
2026-06-21 15:18:46,704 | INFO | ================================================================================
2026-06-21 15:18:46,704 | INFO | Example 89
2026-06-21 15:18:46,704 | INFO | Question: Who is Kathryn Harrison married to?
2026-06-21 15:18:46,705 | INFO | Answer: Colin Harrison
2026-06-21 15:18:46,705 | INFO | Answer Entity Popularity: 337.0
2026-06-21 15:18:46,730 | INFO | --------------------------------------------------------------------------------
2026-06-21 15:18:46,730 | INFO | Reranked passages for Example 89:
2026-06-21 15:18:46,730 | INFO | Reranked rank: 1
2026-06-21 15:18:46,730 | INFO | Original BM25 rank: 36
2026-06-21 15:18:46,730 | INFO | DocID: 7217267
2026-06-21 15:18:46,730 | INFO | Rerank score: 5.6865
2026-06-21 15:18:46,730 | INFO | "Kathryn Harrison" true crime. She reviews regularly for ""The New York Times Book Review"". Her personal essays have been included in many anthologies and have appeared in ""Bookforum"", ""Harper's Magazine"", ""More Magazine"", ""The New Yorker"", ""O, The Oprah Magazine"", and ""Vogue"", and at Salon.com, Nerve.Com and elsewhere. She lives in New York with her husband, the novelist and book editor Colin Harrison, whom she met in 1985, when they were enrolled in the Iowa Writers' Workshop. The
2026-06-21 15:18:46,730 | INFO | --------------------------------------------------------------------------------
2026-06-21 15:18:48,544 | INFO | Mistral Answer: Kathryn Harrison is married to the novelist and book editor Colin Harrison.
2026-06-21 15:18:48,544 | INFO | Mistral answer contains the correct answer string.
2026-06-21 15:18:48,544 | INFO | ================================================================================
2026-06-21 15:18:48,544 | INFO | Example 90
2026-06-21 15:18:48,545 | INFO | Question: Who is Masayuki Suo married to?
2026-06-21 15:18:48,545 | INFO | Answer: Tamiyo Kusakari
2026-06-21 15:18:48,545 | INFO | Answer Entity Popularity: 349.0
2026-06-21 15:18:48,567 | INFO | --------------------------------------------------------------------------------
2026-06-21 15:18:48,567 | INFO | Reranked passages for Example 90:
2026-06-21 15:18:48,567 | INFO | Reranked rank: 1
2026-06-21 15:18:48,567 | INFO | Original BM25 rank: 3
2026-06-21 15:18:48,567 | INFO | DocID: 5939390
2026-06-21 15:18:48,567 | INFO | Rerank score: 6.7015
2026-06-21 15:18:48,567 | INFO | "Tamiyo Kusakari" later married the director, Masayuki Suo. She starred in Suo's 2012 film ""A Terminal Trust"". Tamiyo Kusakari From Toshima, Tokyo, Kusakari started dancing professionally at the age of eight and won the first prize at the Japan Ballet Competition of 1987. In 1987, she made her debut as Odette in ""Swan Lake"". She received the Muramatsu Award in 1988, and the Tachibana Akiko Award in 1990. At 27, she suffered a hernia that nearly ended her career, leaving her a temporary wheel
2026-06-21 15:18:48,567 | INFO | --------------------------------------------------------------------------------
2026-06-21 15:18:51,279 | INFO | Mistral Answer: Masayuki Suo is married to Tamiyo Kusakari. (Answer based on the provided context.)
2026-06-21 15:18:51,279 | INFO | Mistral answer contains the correct answer string.
2026-06-21 15:18:51,279 | INFO | ================================================================================
2026-06-21 15:18:51,279 | INFO | Example 91
2026-06-21 15:18:51,280 | INFO | Question: Who is Geraldine O'Rawe married to?
2026-06-21 15:18:51,280 | INFO | Answer: Paul Sarossy
2026-06-21 15:18:51,280 | INFO | Answer Entity Popularity: 351.0
2026-06-21 15:18:51,301 | INFO | --------------------------------------------------------------------------------
2026-06-21 15:18:51,301 | INFO | Reranked passages for Example 91:
2026-06-21 15:18:51,301 | INFO | Reranked rank: 1
2026-06-21 15:18:51,302 | INFO | Original BM25 rank: 1
2026-06-21 15:18:51,302 | INFO | DocID: 15769689
2026-06-21 15:18:51,302 | INFO | Rerank score: 9.1040
2026-06-21 15:18:51,302 | INFO | "Geraldine O'Rawe" role in the film ""Mariette In Ecstasy"" and a supporting role in ""Some Mother's Son"". Since then, she has appeared in ""Resurrection Man"" (1996), ""The Harpist"" (1999), ""Disco Pigs"" (2000), ""Mr In-Between"" (2001) and ""Adoration"" (2008). She is married to the Canadian director and cinematographer Paul Sarossy. Geraldine O'Rawe Geraldine O'Rawe (born 4 March 1971) is a Northern Irish actress. O'Rawe was born in Belfast, Northern Ireland She studied at the Webber Dougl
2026-06-21 15:18:51,302 | INFO | --------------------------------------------------------------------------------
2026-06-21 15:18:53,821 | INFO | Mistral Answer: Geraldine O'Rawe is married to the Canadian director and cinematographer Paul Sarossy.
2026-06-21 15:18:53,821 | INFO | Mistral answer contains the correct answer string.
2026-06-21 15:18:53,821 | INFO | ================================================================================
2026-06-21 15:18:53,822 | INFO | Example 92
2026-06-21 15:18:53,822 | INFO | Question: Who is Yumi Matsutoya married to?
2026-06-21 15:18:53,822 | INFO | Answer: Masataka Matsutoya
2026-06-21 15:18:53,822 | INFO | Answer Entity Popularity: 352.0
2026-06-21 15:18:53,849 | INFO | --------------------------------------------------------------------------------
2026-06-21 15:18:53,849 | INFO | Reranked passages for Example 92:
2026-06-21 15:18:53,849 | INFO | Reranked rank: 1
2026-06-21 15:18:53,849 | INFO | Original BM25 rank: 3
2026-06-21 15:18:53,849 | INFO | DocID: 2704181
2026-06-21 15:18:53,849 | INFO | Rerank score: 7.0182
2026-06-21 15:18:53,850 | INFO | "Yumi Matsutoya" she left a strong impression on Japanese popular music. After the marriage with Masataka Matsutoya on November 29, 1976, she had considered retirement. But eventually she decided to continue to work as a musician, and changed her stage name to her new family name, Yumi Matsutoya. In 1978, her memorable first album as Yumi Matsutoya, entitled ""Benisuzume"" was released. In the late 1970s and early 80s, she had released two albums every year. However, those albums hadn't succeede
2026-06-21 15:18:53,850 | INFO | --------------------------------------------------------------------------------
2026-06-21 15:18:55,759 | INFO | Mistral Answer: Yumi Matsutoya is married to Masataka Matsutoya.
2026-06-21 15:18:55,759 | INFO | Mistral answer contains the correct answer string.
2026-06-21 15:18:55,759 | INFO | ================================================================================
2026-06-21 15:18:55,759 | INFO | Example 93
2026-06-21 15:18:55,759 | INFO | Question: Who is Maria Oakey Dewing married to?
2026-06-21 15:18:55,760 | INFO | Answer: Thomas Dewing
2026-06-21 15:18:55,760 | INFO | Answer Entity Popularity: 356.0
2026-06-21 15:18:55,783 | INFO | --------------------------------------------------------------------------------
2026-06-21 15:18:55,783 | INFO | Reranked passages for Example 93:
2026-06-21 15:18:55,783 | INFO | Reranked rank: 1
2026-06-21 15:18:55,783 | INFO | Original BM25 rank: 1
2026-06-21 15:18:55,783 | INFO | DocID: 16230626
2026-06-21 15:18:55,783 | INFO | Rerank score: 8.9278
2026-06-21 15:18:55,783 | INFO | "Maria Oakey Dewing" Maria Oakey Dewing Maria Oakey Dewing (October 27, 1845 – December 13, 1927) was an American painter known for her depiction of flowers. Her work was inspired by John La Farge and her love of gardening. She also made figure drawings and was a founding member of the Art Students League of New York. Dewing won bronze medals for two of her works at world expositions. She was married to the artist Thomas Dewing. Maria Richards Oakey was born in New York City, the fifth child of 
2026-06-21 15:18:55,783 | INFO | --------------------------------------------------------------------------------
2026-06-21 15:18:57,467 | INFO | Mistral Answer: Maria Oakey Dewing is married to Thomas Dewing.
2026-06-21 15:18:57,467 | INFO | Mistral answer contains the correct answer string.
2026-06-21 15:18:57,467 | INFO | ================================================================================
2026-06-21 15:18:57,467 | INFO | Example 94
2026-06-21 15:18:57,468 | INFO | Question: Who is Nannina de' Medici married to?
2026-06-21 15:18:57,468 | INFO | Answer: Bernardo Rucellai
2026-06-21 15:18:57,468 | INFO | Answer Entity Popularity: 364.0
2026-06-21 15:18:57,491 | INFO | --------------------------------------------------------------------------------
2026-06-21 15:18:57,491 | INFO | Reranked passages for Example 94:
2026-06-21 15:18:57,491 | INFO | Reranked rank: 1
2026-06-21 15:18:57,492 | INFO | Original BM25 rank: 2
2026-06-21 15:18:57,492 | INFO | DocID: 12584685
2026-06-21 15:18:57,492 | INFO | Rerank score: 8.8973
2026-06-21 15:18:57,492 | INFO | "Nannina de' Medici" cultured and refined education. In 1461, at the age of about 13, she was married to Bernardo Rucellai with a dowry of 2500 ""fiorini d'oro"". Nannina was brought to her husband's house five years later, on 8 June 1466. The wedding feast was famous for its opulence: 500 guests were seated on a triangular dais which occupied the loggia and the whole of the piazza and the street in front of Palazzo Rucellai. The couple had four sons, Cosimo, Pietro, Palla and Giovanni. Nannina 
2026-06-21 15:18:57,492 | INFO | --------------------------------------------------------------------------------
2026-06-21 15:18:59,370 | INFO | Mistral Answer: Nannina de' Medici is married to Bernardo Rucellai.
2026-06-21 15:18:59,371 | INFO | Mistral answer contains the correct answer string.
2026-06-21 15:18:59,371 | INFO | ================================================================================
2026-06-21 15:18:59,371 | INFO | Example 95
2026-06-21 15:18:59,371 | INFO | Question: Who is Katie Koczynski married to?
2026-06-21 15:18:59,371 | INFO | Answer: Bill Demong
2026-06-21 15:18:59,371 | INFO | Answer Entity Popularity: 368.0
2026-06-21 15:18:59,395 | INFO | --------------------------------------------------------------------------------
2026-06-21 15:18:59,395 | INFO | Reranked passages for Example 95:
2026-06-21 15:18:59,396 | INFO | Reranked rank: 1
2026-06-21 15:18:59,396 | INFO | Original BM25 rank: 1
2026-06-21 15:18:59,396 | INFO | DocID: 12332884
2026-06-21 15:18:59,396 | INFO | Rerank score: 8.2890
2026-06-21 15:18:59,396 | INFO | "Katie Koczynski" a degree in Sociology. Her best finish at the FIBT World Championships was 11th at Nagano in 2003. At the 2010 Winter Olympics on February 25, Koczynski's boyfriend, gold medal skier in the Nordic combined Bill Demong, proposed to her in front of teammates and coaches at the US team headquarters near Vancouver. Koczynsk said yes. Koczynski and Demong discussed how this happened on NBC's ""Today"" show the following morning. On July 11, 2010, Koczynski married Demong in Lake Pla
2026-06-21 15:18:59,396 | INFO | --------------------------------------------------------------------------------
2026-06-21 15:19:00,874 | INFO | Mistral Answer: Katie Koczynski is married to Bill Demong.
2026-06-21 15:19:00,874 | INFO | Mistral answer contains the correct answer string.
2026-06-21 15:19:00,874 | INFO | ================================================================================
2026-06-21 15:19:00,875 | INFO | Example 96
2026-06-21 15:19:00,875 | INFO | Question: Who is Tiffany Grant married to?
2026-06-21 15:19:00,875 | INFO | Answer: Matt Greenfield
2026-06-21 15:19:00,875 | INFO | Answer Entity Popularity: 375.0
2026-06-21 15:19:00,893 | INFO | No passages retrieved that contain the answer string.
2026-06-21 15:19:00,893 | INFO | ================================================================================
2026-06-21 15:19:00,893 | INFO | Example 97
2026-06-21 15:19:00,893 | INFO | Question: Who is Orson Pratt married to?
2026-06-21 15:19:00,894 | INFO | Answer: Sarah Marinda Bates Pratt
2026-06-21 15:19:00,894 | INFO | Answer Entity Popularity: 381.0
2026-06-21 15:19:00,914 | INFO | --------------------------------------------------------------------------------
2026-06-21 15:19:00,914 | INFO | Reranked passages for Example 97:
2026-06-21 15:19:00,914 | INFO | Reranked rank: 1
2026-06-21 15:19:00,914 | INFO | Original BM25 rank: 1
2026-06-21 15:19:00,914 | INFO | DocID: 12181149
2026-06-21 15:19:00,915 | INFO | Rerank score: 7.1777
2026-06-21 15:19:00,915 | INFO | "Sarah Marinda Bates Pratt" Pratt's 1886 accounts portray her as being a virtuous innocent, if knowledgeable about Bennett's alleged abortions on Smith's behalf. The elderly Pratt would claim: ""[I] know that the principle statements in John C. Bennett's book on Mormonism are true,"" In 1868 Orson married his tenth wife, English-born Margaret Graham. Orson was 57. Graham was 16. Incensed that Orson would marry a woman who was younger than his daughter, Sarah Pratt functionally ended her marriage
2026-06-21 15:19:00,915 | INFO | --------------------------------------------------------------------------------
2026-06-21 15:19:07,303 | INFO | Mistral Answer: Orson Pratt was married to Sarah Marinda Bates Pratt until she ended their marriage in 1868 due to his obsession with marrying younger women. However, the context does not provide information about who Orson Pratt was married to after his separation from Sarah Pratt.
2026-06-21 15:19:07,303 | INFO | Mistral answer contains the correct answer string.
2026-06-21 15:19:07,303 | INFO | ================================================================================
2026-06-21 15:19:07,304 | INFO | Example 98
2026-06-21 15:19:07,304 | INFO | Question: Who is Yury Grigorovich married to?
2026-06-21 15:19:07,304 | INFO | Answer: Natalia Bessmertnova
2026-06-21 15:19:07,304 | INFO | Answer Entity Popularity: 386.0
2026-06-21 15:19:07,322 | INFO | --------------------------------------------------------------------------------
2026-06-21 15:19:07,323 | INFO | Reranked passages for Example 98:
2026-06-21 15:19:07,323 | INFO | Reranked rank: 1
2026-06-21 15:19:07,323 | INFO | Original BM25 rank: 15
2026-06-21 15:19:07,323 | INFO | DocID: 5669530
2026-06-21 15:19:07,323 | INFO | Rerank score: 3.0517
2026-06-21 15:19:07,323 | INFO | "Yury Grigorovich" until 1995. His most famous productions at the Bolshoi were ""The Nutcracker"" (1966), ""Spartacus"" (1967), and ""Ivan the Terrible"" (1975). He controversially reworked ""Swan Lake"" to produce a happy end for the story in 1984. In 1995, he was accused of having allowed the theatre to plunge into stagnation and after many a squabble was ousted from office. Thereupon he choreographed for various Russian companies before settling in Krasnodar, where he set up his own company. 
2026-06-21 15:19:07,323 | INFO | --------------------------------------------------------------------------------
2026-06-21 15:19:10,243 | INFO | Mistral Answer: Yury Grigorovich was married to Natalia Bessmertnova. (Answer based on the provided context.)
2026-06-21 15:19:10,243 | INFO | Mistral answer contains the correct answer string.
2026-06-21 15:19:10,243 | INFO | ================================================================================
2026-06-21 15:19:10,243 | INFO | Example 99
2026-06-21 15:19:10,243 | INFO | Question: Who is Zwentibold married to?
2026-06-21 15:19:10,243 | INFO | Answer: Oda of Saxony
2026-06-21 15:19:10,244 | INFO | Answer Entity Popularity: 388.0
2026-06-21 15:19:10,263 | INFO | --------------------------------------------------------------------------------
2026-06-21 15:19:10,263 | INFO | Reranked passages for Example 99:
2026-06-21 15:19:10,263 | INFO | Reranked rank: 1
2026-06-21 15:19:10,263 | INFO | Original BM25 rank: 4
2026-06-21 15:19:10,263 | INFO | DocID: 17865523
2026-06-21 15:19:10,263 | INFO | Rerank score: 5.2614
2026-06-21 15:19:10,263 | INFO | "Gerhard I of Metz" in 900 defeated and killed Zwentibold on the battlefield of Susteren. He went to war, again with Matfried, in 906 against the count Conrad. He was killed in a battle against the Bavarian army on 22 June 910. After 13 August 900, Gerhard married the widow of Zwentibold, Oda (c. 880 – bef. 952), daughter of Otto I, Duke of Saxony, and had: Oda of Saxony remarried to Eberhard, count in Oberlahngau. Gerhard I of Metz Gerhard I of Metz (c. 875 – 22 Jun 910) was count of Metz. He w
2026-06-21 15:19:10,263 | INFO | --------------------------------------------------------------------------------
2026-06-21 15:19:19,142 | INFO | Mistral Answer: Oda, daughter of Otto I, Duke of Saxony, was married to Zwentibold before he was defeated and killed by Gerhard I of Metz in 900. However, after Gerhard's marriage to Oda, she remarried to Eberhard, count in Oberlahngau. Therefore, at the time of the battle, Zwentibold was not married.
2026-06-21 15:19:19,142 | INFO | Mistral answer does NOT contain the correct answer string.
2026-06-21 15:19:19,142 | INFO | ================================================================================
2026-06-21 15:19:19,142 | INFO | Example 100
2026-06-21 15:19:19,142 | INFO | Question: Who is Mary Cromwell, Countess Fauconberg married to?
2026-06-21 15:19:19,142 | INFO | Answer: Thomas Belasyse, 1st Earl Fauconberg
2026-06-21 15:19:19,142 | INFO | Answer Entity Popularity: 389.0
2026-06-21 15:19:19,168 | INFO | --------------------------------------------------------------------------------
2026-06-21 15:19:19,168 | INFO | Reranked passages for Example 100:
2026-06-21 15:19:19,168 | INFO | Reranked rank: 1
2026-06-21 15:19:19,169 | INFO | Original BM25 rank: 1
2026-06-21 15:19:19,169 | INFO | DocID: 15708807
2026-06-21 15:19:19,169 | INFO | Rerank score: 9.6566
2026-06-21 15:19:19,169 | INFO | "Mary Cromwell, Countess Fauconberg" Mary Cromwell, Countess Fauconberg Mary Cromwell, Countess Fauconberg (christened 9 February 1637, died 14 March 1713) was the third daughter of Oliver Cromwell and his wife Elizabeth Bourchier. Born in either late 1636 or early 1637, she was christened on 9 February 1637. On 19 November 1657 she married Thomas Belasyse, 1st Earl Fauconberg at Hampton Court, and became Countess Fauconberg. Her residence in London was Fauconberg House which was on the north si
2026-06-21 15:19:19,169 | INFO | --------------------------------------------------------------------------------
2026-06-21 15:19:20,639 | INFO | Mistral Answer: Thomas Belasyse, 1st Earl Fauconberg
2026-06-21 15:19:20,640 | INFO | Mistral answer contains the correct answer string.
2026-06-21 15:19:20,640 | INFO | ================================================================================
2026-06-21 15:19:20,640 | INFO | Example 101
2026-06-21 15:19:20,640 | INFO | Question: Who is Vasilis Papakonstantinou married to?
2026-06-21 15:19:20,640 | INFO | Answer: Eleni Rantou
2026-06-21 15:19:20,640 | INFO | Answer Entity Popularity: 390.0
2026-06-21 15:19:20,657 | INFO | --------------------------------------------------------------------------------
2026-06-21 15:19:20,657 | INFO | Reranked passages for Example 101:
2026-06-21 15:19:20,657 | INFO | Reranked rank: 1
2026-06-21 15:19:20,657 | INFO | Original BM25 rank: 9
2026-06-21 15:19:20,657 | INFO | DocID: 13818873
2026-06-21 15:19:20,657 | INFO | Rerank score: 6.3280
2026-06-21 15:19:20,657 | INFO | "Eleni Rantou" Eleni Rantou Eleni Randou or Helen Rantou () is a Greek actress. She was born in 1965 in Egaleo, an Athens suburb, and is a graduate of the National Theater of Greece. She initially participated in TV shows of the Greek national television in the '80s, and rose to stardom through TV series in which she co-starred and in many cases co-edited the script. She is married to Greek rock star Vasilis Papakonstantinou. Their daughter Nikoleta was born in 1995. She is currently head of the
2026-06-21 15:19:20,657 | INFO | --------------------------------------------------------------------------------
2026-06-21 15:19:23,275 | INFO | Mistral Answer: Vasilis Papakonstantinou is married to Eleni Rantou. (Answer derived from context.)
2026-06-21 15:19:23,275 | INFO | Mistral answer contains the correct answer string.
2026-06-21 15:19:23,276 | INFO | ================================================================================
2026-06-21 15:19:23,276 | INFO | Correct answers: 77/90
